dish_id,dish_id,aabb_scale,area_frac_mean,area_frac_std,bbox_aspect_ratio_mean,bbox_aspect_ratio_std,bbox_max_x,bbox_max_y,bbox_max_z,bbox_min_x,bbox_min_y,bbox_min_z,camera_angle_x,camera_angle_y,cx,cy,edge_frac_mean,edge_frac_std,entropy_mean,entropy_std,extent_x,extent_y,extent_z,fl_x,fl_y,h,k1,k2,k3,largest_comp_frac_mean,largest_comp_frac_std,mean_camera_center_dist,mean_error,mean_track_length,mean_view_angle_var,mean_visible_points,mean_visible_ratio,median_error,median_track_length,num_components_mean,num_components_std,num_frames_total,num_frames_used,num_images,p1,p2,point_count,point_density,sharpness_mean,sharpness_std,std_camera_center_dist,std_error,std_track_length,std_view_angle_var,std_visible_points,std_visible_ratio,volume,w
bicycle,bicycle,0.0,,,,,-0.06868440493301581,-0.7615429689698993,0.6592173278954672,-0.9928222201030169,0.0,-1.3007068870284293,-0.14545148138202058,-0.09636451992666856,0.793636568731901,0.8437187916473751,-0.22941127905401865,0.17153125378337536,-1.09707643026393,1.8904680310446205,0.4066500117493327,-0.5591681719706946,1.2215939270714293,1.4059038935139858,1.402901089292168,0.8437187916473751,0.0,0.0,0.0,,,-0.05559463853968385,1.0105045443748646,-1.0326942038697462,0.904220950366461,-0.9820659528782761,-1.100590506180174,1.0007473464665484,-0.2828427124746191,,,-0.34407444226833667,-0.34407444226833667,-0.3382759431980213,0.0,0.0,-0.8363165921671113,-0.48560025283723235,0.2526028916192802,0.5082287957012536,0.09108125386546141,0.7863675211867388,-1.0452124103258282,1.2357606935313215,-1.0266753176496093,-1.0027444150665414,0.4605208485797704,0.793636568731901
bonsai,bonsai,0.0,,,,,-0.32476581941584043,0.7211281301449465,1.5143380214206148,0.5670904659542182,-0.38519429629129104,1.1108464637813773,-0.9548057569587614,-0.9718597071407838,-1.113038201825523,-1.1154676036516984,-0.8969900850873983,0.22080597267862795,-0.25630187175039143,-0.21822734311112146,-0.442086815468527,0.4565257266964141,0.039286324935400296,-1.0157343709396824,-1.0209341720005436,-1.1154676036516984,0.0,0.0,0.0,,,0.010105287914703687,-0.9280051837273191,1.2852175917467856,-0.8913037280606448,1.192043241113885,1.265791739959761,-0.8722435044027257,0.9899494936611664,,,1.195310634700984,1.195310634700984,1.1996590150527775,0.0,0.0,1.272617161910017,0.0,-0.8498005281513628,-1.2212229381960071,0.0,-0.8831551531282926,0.9363136532827189,-0.7789112645028711,0.6781741046020326,0.9656682742434725,0.17689175574595709,-1.113038201825523
counter,counter,0.0,,,,,-0.9006624607737199,-0.6224312775277557,-1.0237794998998906,0.8263099991684275,1.7965110857237132,1.311053870226709,-0.8855125853154511,-0.8983723497823184,-1.1161673179697638,-1.1187112897366307,-1.1534019149844932,-1.1783384399341137,1.331448008748952,-0.36898750067524333,-0.8905504779361052,-1.7412568146668013,-1.4185644463663096,-1.066351354352091,-1.072724044057596,-1.1187112897366307,0.0,0.0,0.0,,,-0.7297552519811604,-1.082001907980185,-0.06604065206690944,-1.1277875534720747,0.2828728760077765,0.25997850744365764,-1.123970699817682,-0.2828427124746191,,,0.3898184432635488,0.3898184432635488,0.383611894348272,0.0,0.0,0.5687163252192001,2.0361241187617494,-0.7611857692525319,-0.9092372620245017,0.6840027352227155,-0.402814081325267,0.034569658409093734,-1.1016953142266672,0.3640366912103305,0.21496163741960841,-1.5818282594375785,-1.1161673179697638
flowers,flowers,0.0,,,,,0.3743300124760038,-0.513098067460464,-0.3474644840231899,-0.019895417262470603,0.18897022860595583,-0.040703691028362625,0.6390646469305383,0.7272562385465957,0.87603662719691,0.8858867107514942,0.7346324813780902,-0.7880639149290779,0.501708835545699,1.5369143313881042,0.22471024608641565,-0.5369368158584055,-0.1535981352668033,0.8612320433952142,0.8130020993679224,0.8858867107514942,0.0,0.0,0.0,,,0.2702447480188396,0.9779634076305962,-1.0807949153204814,1.5723271375340933,-1.112790876823651,-1.2398622877993468,1.0146100482612916,-1.5556349186104046,,,-0.6662713188433108,-0.6662713188433108,-0.6678334342517639,0.0,0.0,-1.0568203196345882,-0.46361957169821577,1.7151789985295325,0.9562105576077198,-2.2569846610311064,0.5166031117595286,-1.0811782768651734,1.4913029659374226,-1.3302376942154601,-1.363698874114394,0.07262438509653456,0.87603662719691
garden,garden,0.0,,,,,-0.04474794994360513,-1.5753099503442565,-0.6482110901327707,0.1858595360495328,-0.8056966760321966,0.8425346460565225,2.0671823795964306,1.99985077858391,1.0450088989859159,0.9653570198323341,1.1984606056686604,-1.2925609475089548,1.8071251238212496,-1.1015553890656813,-0.10933086745909476,-0.42711059877544555,-0.9065650661061699,0.040287902127381515,0.06562499146085807,0.9653570198323341,0.0,0.0,0.0,,,0.0,0.9934075500111393,0.2997315283530417,-0.5051053482013885,0.7845089819471787,0.6591213588609621,1.0333196292156543,0.9899494936611664,,,-0.4872730540794363,-0.4872730540794363,-0.47951486793533954,0.0,0.0,0.33335822183681846,0.13313754252017257,0.7320602798403459,-0.11618075008104257,-2.5856095650573554,-0.42991211506309834,0.04606200048094391,-1.0328527835375447,-0.2142814724468961,-0.2996998675484088,-0.2983069251289247,1.0450088989859159
kitchen,kitchen,0.0,,,,,-1.0301193530643014,-0.5317191313663809,-0.7055584246397306,0.8756632189032326,0.19430332396780337,0.816787463101072,-0.9855720284217985,-1.0206367274017127,-1.1161673179697638,-1.1154676036516984,1.3833137560628161,0.01991810619544497,0.1107359124101448,-1.2523529653791656,-0.9873534740958655,-0.5496221123633818,-0.919069846226201,-1.0006622856884713,-0.9896882337070769,-1.1154676036516984,0.0,0.0,0.0,,,-1.05606830202673,-1.698152147156966,1.1927856759800943,-1.0686334075834778,1.745300603281904,1.2113997362885978,-1.5858566626331032,0.9899494936611664,,,0.9984125434607222,0.9984125434607222,0.9956472348766511,0.0,0.0,1.7537438912171925,1.5257307770164459,-0.535479760366456,-0.22621506672489947,-0.12204500088884501,-2.0200592433804356,1.140948020004605,-0.88264655961516,1.995306185282759,1.8693395724277537,-0.9740031978387036,-1.1161673179697638
room,room,0.0,,,,,-1.2245672198519106,1.8224161736989748,-1.2667096934875137,1.4323686116737557,1.8261402116860346,-0.3725639455694556,-0.8348017238457082,-0.8507941171849965,-1.1172103566845106,-1.1203331327790969,-1.3430914068911004,0.8241205173879095,-0.3491366112714344,-0.06615816014655257,-1.3496558502117615,0.7963474504155538,-0.4086228190400737,-1.1008879676582568,-1.105055852080091,-1.1203331327790969,0.0,0.0,0.0,,,3.0,-0.5416759634432898,1.2937799902985234,-0.42618308585047787,-0.1547459707526331,0.8676555995296605,-0.7295862690505321,0.9899494936611664,,,1.4996076847995707,1.4996076847995707,1.497830078387116,0.0,0.0,-0.028504342971844236,0.5143997471627675,-0.7736982849955397,0.06041253924367876,3.0,1.343489905159035,1.6796025602965017,-0.5344343245275561,0.8021857065703862,0.8300889899285548,-0.8456825466646408,-1.1172103566845106
stump,stump,0.0,,,,,1.2980793245449742,0.9507273047380218,0.2279283109210528,-1.548934580465664,-3.0,-1.049607081473331,0.14480735490071567,0.1503658270593765,0.8270138076038034,0.8664245942419008,0.8853749530559951,-0.11044162053184675,-1.3469160686468364,-0.2639877739487844,1.444421545582505,1.89706594578496,0.8273275113557672,1.2006928626981976,1.2316728674350645,0.8664245942419008,0.0,0.0,0.0,,,-1.475731692270748,0.7405006550838042,-1.2038998906651504,0.10960393742076403,-1.0653854664156721,-1.1579014732382698,0.7587810952461763,-1.5556349186104046,,,-1.4180640308515837,-1.4180640308515837,-1.4211076995174612,0.0,0.0,-1.144008445927291,-0.5940826110717361,-1.164055786046285,-1.1058065004217854,0.5327646249156355,0.04045199247512541,-1.224210213278473,0.7261168764587023,-0.8674287991057529,-0.8771538093580691,1.6109150009557234,0.8270138076038034
treehill,treehill,0.0,,,,,1.9211378709614138,0.5098297870868197,1.590239531945964,-1.3256396139180162,-1.481629411429987,-1.317640838066102,0.9550891944960667,0.9605545772465979,0.9208872919310288,0.9085925133460199,-0.5788871101485515,2.1330290728586343,-0.7015868985934713,-0.15611323010617562,1.7031956817530995,0.6641553907378018,1.7182125496429588,0.6755192769037216,0.6752012542892971,0.9085925133460199,0.0,0.0,0.0,,,0.3678840987522259,0.5274590452073554,-0.6880851244561569,1.4328610978467509,-0.6897374354805126,-0.7655926748648475,0.5041990167143736,-0.2828427124746191,,,-1.1674664601821594,-1.1674664601821594,-1.1700162777622287,0.0,0.0,-0.8627858994823936,-0.5741247144019138,1.3843779588230187,2.0538106248955854,-0.46723537508436447,1.0490280623166441,-0.4868949920043877,0.877359710482353,-0.4010794042477782,-0.3367615079319736,1.3788689386918704,0.9208872919310288
