dish_id,aabb_scale,area_frac_mean,area_frac_std,bbox_aspect_ratio_mean,bbox_aspect_ratio_std,bbox_max_x,bbox_max_y,bbox_max_z,bbox_min_x,bbox_min_y,bbox_min_z,camera_angle_x,camera_angle_y,cx,cy,edge_frac_mean,edge_frac_std,entropy_mean,entropy_std,extent_x,extent_y,extent_z,fl_x,fl_y,h,k1,k2,k3,largest_comp_frac_mean,largest_comp_frac_std,mean_camera_center_dist,mean_error,mean_track_length,mean_view_angle_var,mean_visible_points,mean_visible_ratio,median_error,median_track_length,num_components_mean,num_components_std,num_frames_total,num_frames_used,num_images,p1,p2,point_count,point_density,sharpness_mean,sharpness_std,std_camera_center_dist,std_error,std_track_length,std_view_angle_var,std_visible_points,std_visible_ratio,volume,w
bicycle,16,,,,,50.46954377492752,15.778601893960083,75.84007802361025,-71.01490729563422,-28.412436124733723,-78.73277664472819,0.9776572722270749,0.6823627613872614,2473.0,1643.0,0.2963829258974229,0.029533834231571614,7.024263974767,0.48728773750469667,121.48445107056173,44.1910380186938,154.57285466833844,4649.505977743847,4627.300372546341,3286.0,0,0,0,,,3.746594504850539,1.2003665569760953,4.6884569322892675,1.3952124754391038,1311.680412371134,0.12492704247549484,1.160579858543504,4.0,,,169,169,194,0,0,54275,0.06540511383843706,59.540953423563344,22.877060841985617,0.463903089244845,0.5601914592432975,3.1638769466209267,0.5019090983104819,523.0266407516087,0.05490701755275409,829828.0794078192,4946.0
bonsai,16,,,,,41.827066632266614,40.601995700353285,93.49307405240258,-29.96372260549233,-33.016485810512236,-14.244601883394639,0.9011358354744409,0.62375764619403,1559.0,1039.0,0.27491784060959024,0.03016531381337341,7.187998174798952,0.21838508225395672,71.79078923775894,73.61848151086552,107.73767593579721,3222.7010797592447,3222.7010797592447,2078.0,0,0,0,,,3.7537034031296264,0.7738739334875628,8.689951745533921,1.035962853466641,6148.825342465753,0.6287498768957095,0.6591237823180112,5.0,,,255,255,292,0,0,206613,0.36285612443996096,28.838657081609313,6.23828451765747,0.4578687246049613,0.49950338209159983,9.13253125617666,0.21737995666568516,1492.249049704526,0.12855277689534175,569407.5036459435,3118.0
counter,16,,,,,22.391163524958223,17.27075382901065,41.09651896522123,-23.142014551969623,-6.939568069935156,-8.890787002614855,0.9076872471507609,0.6286768451869374,1557.5,1038.0,0.26667326821183324,0.012234595011400966,7.497199914911073,0.2011366050617259,45.53317807692785,24.210321898945807,49.987305967836086,3192.878062459705,3192.689131824271,2076.0,0,0,0,,,3.6742600167310697,0.7399930269421288,6.357225856567823,0.9886470321346386,4126.025,0.41460371579674093,0.5917288286088421,4.0,,,210,210,240,0,0,155767,2.826748671081284,31.30660714343764,9.239848412426637,0.5038008445007688,0.5169640470308593,6.416342819413446,0.17179364260681623,1230.215841241555,0.1004660039271218,55104.651359194315,3115.0
flowers,16,,,,,65.42081223796346,18.53604881196372,55.05827474997106,-45.41103970074558,-26.153762177555613,-45.03859928961998,1.051830354529398,0.7374954338802485,2512.5,1656.0,0.32738043713034154,0.01723615360703648,7.335614768947811,0.43837951597950425,110.83185193870904,44.68981098951933,100.09687403959104,4328.590804346088,4285.457130435278,3312.0,0,0,0,,,3.781955843091801,1.1932071630457128,4.605418937596161,1.528887549951414,1020.8323699421966,0.0952748998917749,1.1642913214396788,3.0,,,151,151,173,0,0,38347,0.07734598428121393,100.27417707989277,27.187021153478717,0.31602927793094554,0.5503853730223855,3.0555423512505087,0.537998955585616,433.88684320847096,0.04140234682540265,495785.27387508925,5025.0
garden,16,,,,,51.277373837644504,9.193219590408301,48.849702458919296,-39.99632343821455,-38.042556725776215,-21.419620170326226,1.1868535749573557,0.8226821381618385,2593.5,1680.5,0.34229419735881517,0.010770777805887444,7.589834273457277,0.12073684211952607,91.27369727585906,47.23577631618451,70.26932262924552,3844.898776958602,3852.356179237937,3361.0,0,0,0,,,3.7526092929490895,1.1966050375603055,6.988671576610986,1.113233649929519,5242.108108108108,0.4995846114519821,1.1693004399032547,5.0,,,161,161,185,0,0,138766,0.458037042858468,72.89399873574595,16.869717264009736,0.2965613081709992,0.5159790184430831,6.450959480931953,0.1815161714222489,862.1063891135913,0.08121057159648865,302958.0296257354,5187.0
kitchen,16,,,,,18.022130204672873,18.314520553674917,47.665831835767996,-21.84321869211449,-26.090018149512236,-22.108134415091147,0.8982269989279291,0.6204925421330122,1557.5,1039.0,0.34823789809208366,0.027590837717720283,7.259475882303891,0.10486684504325433,39.86534889678737,44.40453870318716,69.77396625085915,3231.5814007282897,3240.8079303073573,2078.0,0,0,0,,,3.6396450019440945,0.6044334637580641,8.530383192399956,1.0004826280492536,7379.759856630824,0.6171693583619428,0.4680680416543517,5.0,,,244,244,279,0,0,241367,1.9541664353899582,37.5925934227815,15.81109484237574,0.4498219107420762,0.4581762865062641,9.748920723491324,0.20272957432484537,3352.3986485207224,0.16236253605423623,123514.04446870192,3115.0
room,16,,,,,11.459720169782198,80.66442876184082,36.08150088046715,-7.192773124943687,-6.5854247988895285,-53.91298810793084,0.9124817705081167,0.6318617031310788,1557.0,1037.5,0.26057406151865764,0.03789708428167056,7.169919343016118,0.2360342611844998,18.652493294725886,87.24985356073036,89.99448898839799,3172.5294374200544,3173.9530257001675,2075.0,0,0,0,,,4.097071498990099,0.858870444106327,8.704733323270618,1.1290244620834424,3152.372990353698,0.5439833185411486,0.6973174218927517,5.0,,,272,272,311,0,0,112627,0.7689976304910898,30.958129481417032,18.56869283173492,1.0178654119867214,0.5804431675558667,11.371429153897783,0.25190707340333834,1610.4361083100862,0.12348024337697845,146459.48899488186,3114.0
stump,16,,,,,96.59637541277662,46.8831344435792,66.9366058452853,-85.64974642334174,-104.08054871718322,-72.01803067498366,1.005100165719761,0.698878740707256,2489.0,1650.0,0.33222735554929317,0.025920214169516183,6.975609679852059,0.21312361020691495,182.24612183611836,150.96368316076243,138.95463652026896,4528.597703297461,4528.0745533801455,3300.0,0,0,0,,,3.5955040231519297,1.1409628483299752,4.392898374364255,1.2362250413239126,1126.304,0.11272505189951168,1.095798203651999,3.0,,,109,109,125,0,0,32049,0.008383216114231304,20.086545212331504,7.348687459026919,0.49352186699355644,0.5330770151860029,2.6247086623296285,0.42993285560854766,576.8742424341722,0.05960583684706482,3822995.80057274,4978.0
treehill,16,,,,,117.62394298076492,35.55218832368218,95.05997457770711,-79.77344129802384,-46.12166882057794,-79.18561323387128,1.0817093002007272,0.7531122827374191,2534.0,1663.0,0.28514600757005276,0.054671386515286746,7.1012824352251265,0.2255634069881799,197.39738427878876,81.67385714426013,174.2455878115784,4219.170711040735,4205.602293502312,3326.0,0,0,0,,,3.7926032477836733,1.094091443048259,5.283368027041996,1.5009831036145556,1962.0780141843973,0.19625091974563053,1.02763891172666,4.0,,,123,123,141,0,0,52363,0.018639672213770157,91.0612597674547,37.74685445510888,0.42730207304106665,0.5697393159031888,4.845612920810272,0.45129265742296565,768.5464780670379,0.07982395553606979,2809223.2202085913,5068.0
