dish_id,psnr,ssim,lpips,note
032dee9fb0a8bc1b90871dc5fe950080d0bcd3caf166447f44e60ca50ac04ec7,21.366498947143555,0.8197698593139648,0.11106812953948975,
0569e83fdc248a51fc0ab082ce5e2baff15755c53c207f545e6d02d91f01d166,22.38554573059082,0.6763647198677063,0.14375968277454376,
06da796666297fe4c683c231edf56ec00148a6a52ab5bb159fe1be31f53a58df,21.669099807739258,0.7666042447090149,0.24540336430072784,
073f5a9b983ced6fb28b23051260558b165f328a16b2d33fe20585b7ee4ad561,18.18358039855957,0.38233527541160583,0.3356328308582306,
07d9f9724ca854fae07cb4c57d7ea22bf667d5decd4058f547728922f909956b,25.920751571655273,0.9275193214416504,0.057022079825401306,
0853979305f7ecb80bd8fc2c8df916410d471ef04ed5f1a64e9651baa41d7695,27.039323806762695,0.9063436388969421,0.08978438377380371,
093ef327b4e4f9d4ee52c02a354a53558a8652157fb0d58f3b4a708734afb334,23.58059310913086,0.8195860981941223,0.12052533775568008,
0a1b7c20a92c43c6b8954b1ac909fb2f0fa8b2997b80604bc8bbec80a1cb2da3,27.74810791015625,0.9142343401908875,0.0570659264922142,
0a485338bbdaf19ba9090b874bb36ef0599a9c9a475a382c22903cf5981c6ea6,22.39158058166504,0.7735903263092041,0.10006316751241684,
0bfdd020cf475b9c68e4b469d1d1a2d0cad303eefe8b78fb2307855afdaac8be,22.582048416137695,0.7059563398361206,0.22708970308303833,
119fd56d3797e2d349ca64ddcc5851463cd13b5974b5b2e4566ed5cf7e02e6c1,23.340585708618164,0.809249997138977,0.19569475948810577,
1264931635e127fb905c8953cbc2deadd0c763e633af7fbd9405a61ca849710c,21.88079833984375,0.6270993947982788,0.2126455456018448,
14eb48a50e37df548894ab6d8cd628a21dae14bbe6c462e894616fc5962e6c49,23.149368286132812,0.769395649433136,0.23258599638938904,
15ff83e2531668d27c92091c97d31401ce323e24ee7c844cb32d5109ab9335f7,24.314212799072266,0.818596601486206,0.13515743613243103,
165f5af8bfe32f70595a1c9393a6e442acf7af019998275144f605b89a306557,22.27420997619629,0.6692568063735962,0.20253242552280426,
183dd248f6a86e07c5adf9de8ee2d0abe45b1216331c03678e89634c2e9b1c7f,26.90430450439453,0.8671409487724304,0.17098960280418396,
1ba74c22670ad047981441581d00f26f4a148d1010bcac7468c615adf5fa4d5d,25.65948486328125,0.9016076326370239,0.1714116483926773,
1d6a9ed47cce39fd1c4d18f776bcc97e507b81bde921ca596bd91b0b02b5e414,19.777563095092773,0.588129997253418,0.22686845064163208,
1da888bdedfc9629c0fa9f82cf3f5d96f8103baee0ff64d9311aea1224a9f2ae,20.999080657958984,0.7084527611732483,0.14634506404399872,
1de58be515696102c364b767f296600ffff853d4145a60dd30ece9d935317654,27.57162857055664,0.9034537672996521,0.03526686131954193,
2385549d398bdfb55ed17b547c9846f0d01d571b4e050f90df707b577084fb55,20.41383934020996,0.615378737449646,0.1292964667081833,
26fd23358fa11fff0fb3180ef0b65591b486e20dcf753ce4a7aae49a37e370c7,23.225183486938477,0.669609546661377,0.14819830656051636,
280abf7bd93b81b077af1db638229dbb09869052fa0b7b57c81c94d2db893829,22.42306900024414,0.8202034831047058,0.19095663726329803,
286239bd0d4436b747987c40f8cbfc0675bb69435d4ab19a3f73b9d816d0c09a,21.12507438659668,0.7789511680603027,0.1844508945941925,
2991a75d1f0fb2b7a891d424fc2459bb954b61599b52e74a056a7acfb2998b77,23.271764755249023,0.7845683693885803,0.1785295605659485,
2b65ba886efac7af6253fce68ae9284bf4d4db019e17c47f3e853361acbdb066,20.087188720703125,0.6784156560897827,0.2075974941253662,
2beaca318994c25409dcbb6d0bdd96c3620f2f18aec44ea3f20edd302f18ca78,19.479135513305664,0.6143100261688232,0.16656464338302612,
2cbfe28643b6636f9c70813cae7625aa858a352109493ac70fb429ce94dd55b3,24.664188385009766,0.8805486559867859,0.07576622813940048,
2f3e1c0f688c84cec67f9a1ea219c54c14ffabf31a046e620dacc690cac2f1bd,22.14064598083496,0.7529324889183044,0.18678376078605652,
32c2b92fac40c698fa92de008a9aad0857168d255363a850a89de88b5b3ec42e,26.940919876098633,0.849531352519989,0.13452845811843872,
341b4ff3dfd3d377d7167bd81f443bedafbff003bf04881b99760fc0aeb69510,18.71218490600586,0.607393741607666,0.2460334748029709,
35317e621976e87f0c143e66fc61fb8cddb4ff134304da7a00e32ac1983105b4,24.13126564025879,0.8080606460571289,0.1545151025056839,
35872363e17af5d173b6a0b09fcf5de94627ad5dc5f8a9ad4c579f3e70b4797a,18.141597747802734,0.5438537001609802,0.2909795045852661,
374ffd0c5ff8e544f588f1da3ce0d5b69dc39ff3af95d7ccec480fe5e533c45e,25.923185348510742,0.8645544052124023,0.1073758453130722,
387eeb925ba47af5db9ce6102aaf6b07e6d3573b7e7568dda4cef22d5ab1342f,19.571470260620117,0.6027159690856934,0.1621863692998886,
389a460ca1995e0658e85fe8e6b520b4e88b370cd6710dfe728b1564bba31aee,23.409812927246094,0.8654688000679016,0.16150932013988495,
3b16a10ec9b4ab71580958b634485a979ffd6df0d368dbbf6fc1c5ffacf46b7a,22.349246978759766,0.7337387800216675,0.25038251280784607,
3b7529dcccf7097cba31a989536035595e214b0f3775867fd3a62eb186870090,23.217424392700195,0.752666711807251,0.10496146976947784,
3bb3bb4d3e871d79eb71946cbab1e3afc7a8e33a661153033f32deb3e23d2e52,22.123138427734375,0.8530972003936768,0.1444701850414276,
3bb894d1933f3081134ad2d40e54de5f0636bd8b502b0a8561873bb63b0dce85,21.896039962768555,0.6833796501159668,0.1402495801448822,
41036716da7efda334c1d434c4141d15642e0e02f881a01b6c8c36f8bea64c45,23.27618980407715,0.8453614115715027,0.1630510836839676,
444da1b4a3f1ca019d4c9c1b405a579427746ccc96cab6dab7dcba5cb4fc998c,22.11066246032715,0.7612258195877075,0.199454203248024,
457e9a1ae777b0c72be723aaeec971b39cc6d5d413d922f981ec9785395f7ca9,25.781112670898438,0.8609495759010315,0.14945191144943237,
484c0aca40c1087f196d2caf3c8cb463864c08e60b98326ca02eb6dae8ce4984,22.713672637939453,0.8161380887031555,0.20867063105106354,
493816813d2d6d248eb3c2b0b77b63e54235266e9a06e270fd0d282f13960493,22.018539428710938,0.7479072213172913,0.11319640278816223,
4ae797d07b6d1644c9db6919c8cc8c0d28d72be45108ac7a3abf8dc21b599d83,24.54861068725586,0.8549079895019531,0.10956848412752151,
4ff8650b5c1140e98d957fbd1abbe2cfbbb416b37cb9f06f7f376956703801bb,23.232311248779297,0.8465139269828796,0.12074247002601624,
50c46cf8b8b22c8d2ffdef8964b05ddbceaef312c9a9ff331d1ecebfd223f72a,26.40880012512207,0.9029779434204102,0.13339544832706451,
513e4ea2e8477b06f2b32417d5c243aec71d491cb0596a60e9fe304c635f20a1,24.82117462158203,0.8504859209060669,0.09818956255912781,
54bf355ca7e08ed1bc86f5772e564ac0f92981ca25dab24d86b694e915fc4c43,24.497272491455078,0.8767085671424866,0.12263228744268417,
56452d9cd9e2e034764132a57058517ab085e1352f9664d2d1e10e98741334fc,21.653263092041016,0.6416774988174438,0.2884465754032135,
565553aa894be621e8b4773cac288e60ad0c2cf7edb621be62b348c9a0f78380,20.159772872924805,0.6713118553161621,0.15385767817497253,
599ca3e04cae3ec83affc426af7d0d7ab36eb91cd8e539edbc13070a4d455792,21.381437301635742,0.7435656785964966,0.2268146127462387,
5a27c00f525f5484b7aa0d0107051253bf7bb395bde0b3a4486ff8c52fb4965e,21.85036849975586,0.7103323936462402,0.10730613768100739,
5a69d1027b477be4d2933b765723d57b272e0ace96be7885306464d54aa2c038,23.25279998779297,0.7654312252998352,0.13625599443912506,
5c3af581028068a3c402c7cbe16ecf9471ddf2897c34ab634b7b1b6cf81aba00,26.105995178222656,0.876944899559021,0.08771141618490219,
5c8dafad7d782c76ffad8c14e9e1244ce2b83aa12324c54a3cc10176964acf04,25.643096923828125,0.8943513631820679,0.1078905463218689,
5f0041e53d59d67c3ca25db97b269db183a532c4566a6bc46ca0e69cfa4234ad,23.14260482788086,0.7732846140861511,0.10180249810218811,
63798f5c6fbfcb4eb686268248b8ecbc8d87d920b2bcce967eeaedfd3b3b6d82,24.377906799316406,0.8566534519195557,0.14951561391353607,
669c36225b273e22ce08364f166dce910b708d7abd89e58463a15d2790b534d5,22.655784606933594,0.7884461283683777,0.1762414574623108,
66fd66cbed40a2d11ecd17ae6d6d60cd60d476616864ecdd351fe69e644f30a1,26.313966751098633,0.9169730544090271,0.10309582203626633,
6d221625614d0515fa44d59a8797a49b64f86bc775e66be22f07a66aa0a0cb3a,23.783042907714844,0.7498816251754761,0.21265605092048645,
6d81c5ab0d480fd43d78b75ff372a8113ad38e2c03f1d69627c009883054d4c2,17.25943946838379,0.5536518692970276,0.40719836950302124,
6e11e7f4fea305c7c4658d2c1f8df29e6f299330860cf48ffbf1c5ff8b96c0a8,26.059293746948242,0.9200356602668762,0.1321130394935608,
70eac6ff18a1daae4eeccc5eb18723eaf7e029a77e79c79d9573f7bac59ba92b,19.25225067138672,0.661308228969574,0.20696403086185455,
71b2dc8a2aa553da09b8b94b9f0d5e8abcca307def74d26301616ee238464d46,27.17718505859375,0.9251560568809509,0.06470656394958496,
75fbbe467353cfdeb93bc1872144855576797be83a0c71c51155ee6b355d6d5e,20.665843963623047,0.6365060210227966,0.1732400804758072,
7705a2edd022de9da3f8cead677287645986e982d9247a21e1992859a59f8335,24.75174903869629,0.7935788631439209,0.22011114656925201,
7a9f97660be8f2421b37dd413c898360532f17c6447c11515e8aded2d80eb99d,23.790630340576172,0.7772189974784851,0.16709476709365845,
7da3db99059a436adf537bc23309a6a4db9e011696d086f3a64037f7497d9df7,25.18659019470215,0.8520815372467041,0.12726153433322906,
800cf88687a79c232700454c2f5a402e771bc7157037a17b0ce93da365b25575,20.412939071655273,0.598809003829956,0.2523419260978699,
8324b3ca22085040c2a0ecb7284e0cdf776b1f846b73a7c0df893587cb4a45f8,19.883886337280273,0.7395743727684021,0.23329681158065796,
85cd0e92110bcd35e826cbff16bb0e85d8117717adaf36f0698920f0fb9b2cfd,21.459964752197266,0.6485320329666138,0.16839800775051117,
8b9fb9d9f10e8c64d5034be69809465753b8ba88ef12da82afd47d38ee789934,20.43204116821289,0.6927281022071838,0.22991755604743958,
8cb2e97d26a639f05a571476240a8fa86988e6853f0f13cc05830d1578002aad,23.666748046875,0.7720016241073608,0.1613297164440155,
8fdc5130f0731360cc053f59049bfe6db509567457c5471c970292966cb34f17,24.134723663330078,0.8670731782913208,0.12566763162612915,
90cb7ef95384138c2370f13a9ae1698fb1b5bdd68e8b3d01f8e53d38933a4b92,24.891389846801758,0.860325276851654,0.14134958386421204,
917e9c8985d353b0ee4c281f11fa84eb8550814562670cbb82cd0ec9c1194fe7,23.487510681152344,0.795139491558075,0.09585796296596527,
918c8dad730c3b804306c5da8486124be4aa0612e85fb825338fd350c912e1b0,23.352645874023438,0.8211190104484558,0.19439546763896942,
91afb9910b042f7185c2b8e4b6b24b5785dae4542617b3f8005b5492f6d123f7,26.08455467224121,0.8799511194229126,0.11636275798082352,
946f49be73928469000baa5ca04d2573137c5ee6a66362bcf8d130354dca8924,22.43868637084961,0.6683209538459778,0.09986578673124313,
9641a1ed7963ce5ca734cff3e6ccea3dfa8bcb0b0a3ff78f65d32a080de2d71e,21.653301239013672,0.7236306667327881,0.2989329993724823,
9c8c0e0fadd97abf60088f667eba058ef077a71a8c0f5a4eff2782aa97f1ceb8,23.505935668945312,0.7337321043014526,0.1538185477256775,
9cbc5548643ca9cfe797f871bac58bccd02f0510c49b7cb3697b38dfd780a508,22.52134895324707,0.7749167084693909,0.15780411660671234,
9e9a89ae6fed06d6e2f4749b4b0059f35ca97f848cedc4a14345999e746f7884,25.19914436340332,0.9104321002960205,0.12136869877576828,
9fb0588ff045ec64119c5bc91b44a4b7400e5fae5a17e67762b29e6855b57118,23.859050750732422,0.8163431286811829,0.10091692954301834,
a17a984ca90a9b5840fdf85b15104b0d18e25975981c1aa90fcdfd6eeeb285f3,22.114274978637695,0.7703507542610168,0.1237519234418869,
a401469cb0fa576b93e836a4a6d712394f1a55a0a53a42250286980bd078e669,23.86160659790039,0.8095925450325012,0.13395702838897705,
a62c330f5403e2e41a82a74c4e865b705c5706843b992fae2fe2e538b122d984,24.175554275512695,0.8404892683029175,0.13580092787742615,
a62f9a1c6362e7c8a3440261ea0921a0a4b60cf5822bd19579836694f26b3abd,22.63029670715332,0.7711144685745239,0.15983207523822784,
a726c1112ad026efc92f59f196c0698e67abd12a04135a7ff6349b1d31b089eb,21.17987632751465,0.8386062383651733,0.22141249477863312,
adb95f29c15b8a89e40c17d10596679be09d7719c6f08a453facd506d056ea8b,18.13258171081543,0.6235790252685547,0.2606083154678345,
adf35184a12d4cfa3f4248b87aa5adb4f39f179df460d6d76136e13d37299a2a,24.223388671875,0.7979302406311035,0.1529965102672577,
af0d7039e64af3959210c235e59425896ac064f4e0f721c437bbd2cf1d8ea910,19.65513801574707,0.6370252966880798,0.20154373347759247,
b2076bc7231bac445b1a3d0015a410675a3222f25cc219e8178a62a0dd4ac63d,22.92913055419922,0.7829570174217224,0.14555583894252777,
b3bf9079b442c681749f6bd95cfb0659c6d844f2228b2f4fa4b602a0e3627b9a,23.054157257080078,0.7897247672080994,0.1428242176771164,
b4f53094fd31dcc2de1c1d1fdfeffac5259e9bdf39d77b552ff948e4bdf1fd8e,21.116357803344727,0.6551713347434998,0.12082681059837341,
b5faa2a8ce980030125717352086bf9ec16c5d994bae3b3a732da3eb67cf4fa8,22.76259994506836,0.7774800062179565,0.2513402998447418,
b6d1134cb03c855d246f916beaa2d3d01290cf47937a5176011ff39b850ec615,18.70856285095215,0.5616683959960938,0.15667369961738586,
b92b499c9bf92327d5f3a44c9db49bde3400dcb1cfec48d6488831e2b304d0bb,25.852245330810547,0.9178534150123596,0.07962624728679657,
ba55c875d20c34ee85ffc72264c4d77710852e5fb7d9ce4b9c26a8442850e98f,28.435958862304688,0.912888765335083,0.07888279855251312,
c076929db6501cf7ebe386c70e6d77ea3af844a745e794f2ec17c981c465a69b,24.594953536987305,0.7602730393409729,0.11724508553743362,
c37109a55effe0000f8e40652ca935376e75bcb2a0b56de8eabd20a26e2a0f68,19.60388946533203,0.5310699939727783,0.32376447319984436,
c37726ce770ac50a2cf5c0f43022f0268e26da0d777cd8e3a3418c4eed03fd94,17.72837257385254,0.41789600253105164,0.22510889172554016,
c455899acfc8816353a55fade692d19d9c2bff68c8615f852931d5754848db74,24.337505340576172,0.8328357338905334,0.18052572011947632,
cbd44beb04f9c98f2d2c5affff89a6e0a72c25f1aa0c6f660fbd9e4d26702f8b,22.06747817993164,0.7520731091499329,0.1101750060915947,
cc08c0bdc34ddd2867705d0b17a86ec2a9d7c7926ce99070ed1fdc66a812de07,24.814067840576172,0.8274402022361755,0.11877980828285217,
cd9c981eeb4a9091547af19181b382698e9d9eee0a838c7c9783a8a268af6aee,18.29589080810547,0.6245547533035278,0.17434947192668915,
ceb252f5d4419510655cf9ed7afbf3e8e688825f798d80414c7715dc8ace153a,25.992658615112305,0.8948066234588623,0.09256713837385178,
d1b3a0b37acc72207295b05e8c359f8b43bf879eb882c60747cfc6d3c7d8efa3,23.30252456665039,0.7623197436332703,0.20348648726940155,
d3812aad538261e7f73c75762ff55f23b468bcc76f376d52ac86ca6cf3c44b4b,18.150983810424805,0.6215457916259766,0.3930037021636963,
d3af8212ae1600f078c4ac1ef3c9369a7f41ee9d005dbd0c545cf43fc35a9a23,24.759183883666992,0.7915341854095459,0.11248967796564102,
d4fbeba0168af8fddb2fc695881787aedcd62f477c7dcec9ebca7b8594bbd95b,22.042736053466797,0.7131485939025879,0.1431528776884079,
d8de66037bd03dd0d39d54f9978bac3318d912e30e22c21e1ada82a98ed48c53,18.199331283569336,0.534954309463501,0.3510431945323944,
d904ae2998f775e4cb1dafe542b8df9706195c1983c4b2d5b2b5c71dcc75570a,21.259403228759766,0.7125098705291748,0.24096287786960602,
d9b6376623741313bf6da6bf4cdb9828be614a2ce9390ceb3f31cd535d661a75,20.458724975585938,0.5784406065940857,0.2906666398048401,
d9f4c746e6fa456323601b8ca05357c5585d34663c765107d901b4fd929d784b,26.999284744262695,0.9237374067306519,0.06429331004619598,
dac9796dd69e1c25277e29d7e30af4f21e3b575d62a0a208c2b3d1211e2d5d77,24.795927047729492,0.8465625643730164,0.14387473464012146,
dafa9c7cbda9d1ddaa8a2b51fc8c54f4eb44161f5e5c53685dc744580ca77751,18.794401168823242,0.4825572073459625,0.2600021958351135,
ddfdcfdf02d53dd89a055cd9e1ed30272ab3f57c7560ac2c3761bb01d76a7882,19.771732330322266,0.6330893039703369,0.1957273632287979,
ded5e4b46aedbef4cdb7bd1db7fc4cc5b00a9979ad6464bdadfab052cd64c101,26.3822021484375,0.8759199976921082,0.18083347380161285,
df04f58064684c1a31aa0ffbbcf34199d01d0a0ff289588eb2d6c6cf50a3922c,25.2969970703125,0.8576970100402832,0.06523625552654266,
df29c225863d0173e060b1f3fde4e6eb5a57a4e4edabd397026ba1a028aeb39e,26.361289978027344,0.8224617838859558,0.1115068644285202,
df4f9d9a0adfc54c49607bc792be6ed6f751b67e37c588472ea58b0d898310dd,24.717992782592773,0.860622763633728,0.15344488620758057,
e5684b3292bfd77db297839fc37ee4cce7fd59775af1a6a4827e3b4f59c036d3,24.518959045410156,0.8219837546348572,0.21249066293239594,
e78f8cebd2bd93d960bfaeac18fac0bb2524f15c44288903cd20b73e599e8a81,23.514965057373047,0.8435792326927185,0.0773354172706604,
e8ce51b6abfe05bf8dca47e29c8be6c1e6de27a8c9fece7a121400b931b2ca0f,21.6402645111084,0.7758073806762695,0.22513604164123535,
e9360e7a89bee835dc847cf8796093e634b759ff582558788dcfe8326f6e8901,20.427534103393555,0.6988129615783691,0.1904180943965912,
eb4cf52988f805e6fce11d1b239fa9de32eb157364cff06ebac0aa50e0a46567,25.892919540405273,0.8466963768005371,0.12374700605869293,
ec1e44d4dc0f8fa77610866495f9297a7f82158c43e1777668b84fd4b736c7bc,24.065502166748047,0.8241207599639893,0.15273445844650269,
ec305787b70029b782c71c1bf296c3885c7c22619e5661bd40085533ddfee5e4,23.332265853881836,0.870833158493042,0.14057062566280365,
ed16328235c610f15405ff08711eaf15d88a0503884f3a9ccb5a0ee69cb4acb5,21.957956314086914,0.6177617907524109,0.20561736822128296,
ef59aac437132bfc1dd45a7e1f8e4800978e7bb28bf98c4428d26fb3e1da3e90,22.413267135620117,0.5717837810516357,0.20529527962207794,
f004c810d94bac93f527606a2ff859d646f99fcac0868c6c6905b29c718fa37b,25.964019775390625,0.9053027033805847,0.08374643325805664,
f477ffc4b398bed8e0d921f0fba9825ca63f317381c535c84be23be991ae1d7a,21.68695068359375,0.7454144358634949,0.1510130763053894,
f71ac346cd0fc4652a89afb37044887ec3907d37d01d1ceb0ad28e1a780d8e03,22.961376190185547,0.7228610515594482,0.11836113780736923,
f7aaea9ac683bb1945cfeb1daa9abca3375249e0d19281a89a3f575040835464,18.19173812866211,0.46663206815719604,0.2153369039297104,
fb2c0499c225d6124938cadcf0dc48cbb490551b8a69c98386491c1366163632,25.281497955322266,0.8419109582901001,0.1328156739473343,
fb3b73f1d3fe9d192f21f55f5100fd258887aef345f778e0a64fc0587930a6f9,18.281543731689453,0.48050084710121155,0.3234475553035736,
ff592398657b3dfe94153332861985194a3e3c9d199c4a3a27a0ce4038e81ade,27.460134506225586,0.8628729581832886,0.10724145174026489,
