dish_id,cluster
dish_1550704750,1
dish_1550704903,5
dish_1550705288,3
dish_1550705370,3
dish_1550705445,3
dish_1550705477,5
dish_1550705504,5
dish_1550705535,3
dish_1550705580,3
dish_1550705623,3
dish_1550705669,5
dish_1550705724,5
dish_1550705786,5
dish_1550705888,3
dish_1550705939,3
dish_1550705995,5
dish_1550706037,5
dish_1550706096,3
dish_1550706177,3
dish_1550706237,5
dish_1550706283,5
dish_1550706325,5
dish_1550706448,3
dish_1550706583,5
dish_1550706639,3
dish_1550706705,5
dish_1550706766,5
dish_1550706891,5
dish_1550706945,5
dish_1550707056,3
dish_1550707110,5
dish_1550707156,5
dish_1550707236,5
dish_1550707357,5
dish_1550707504,5
dish_1550707578,5
dish_1550707638,5
dish_1550707756,3
dish_1550707850,3
dish_1550707914,5
dish_1550707958,5
dish_1550707995,5
dish_1550708152,3
dish_1550708221,3
dish_1550708280,3
dish_1550708327,5
dish_1550708366,5
dish_1550708440,3
dish_1550708487,5
dish_1550708556,5
dish_1550708638,5
dish_1550708702,5
dish_1550708875,5
dish_1550708945,3
dish_1550708985,5
dish_1550709028,5
dish_1550709129,5
dish_1550710177,3
dish_1550710207,3
dish_1550710279,3
dish_1550710318,5
dish_1550710342,5
dish_1550710402,3
dish_1550710448,3
dish_1550710507,3
dish_1550710542,5
dish_1550710577,5
dish_1550710612,5
dish_1550710664,3
dish_1550710715,5
dish_1550710758,5
dish_1550710793,5
dish_1550710845,3
dish_1550710917,3
dish_1550711017,3
dish_1550711066,5
dish_1550711094,5
dish_1550711129,3
dish_1550711187,3
dish_1550711244,5
dish_1550711314,5
dish_1550711385,5
dish_1550711488,3
dish_1550711598,3
dish_1550711688,3
dish_1550711746,5
dish_1550711788,5
dish_1550711845,3
dish_1550711973,5
dish_1550712024,3
dish_1550712079,5
dish_1550712143,5
dish_1550712315,5
dish_1550712369,5
dish_1550712403,3
dish_1550712459,5
dish_1550712486,5
dish_1550712524,3
dish_1550712556,3
dish_1550712585,3
dish_1550712622,5
dish_1550712654,5
dish_1550712681,3
dish_1550712729,3
dish_1550712805,3
dish_1550712839,5
dish_1550712877,5
dish_1550712913,3
dish_1550712961,3
dish_1550713065,5
dish_1550713114,5
dish_1550713174,5
dish_1550713388,3
dish_1550713423,3
dish_1550713462,3
dish_1550713503,5
dish_1550713566,5
dish_1550769483,5
dish_1550769725,3
dish_1550769827,3
dish_1550769882,5
dish_1550769948,5
dish_1550770222,5
dish_1550770265,3
dish_1550770447,3
dish_1550770482,5
dish_1550770511,5
dish_1550770616,3
dish_1550770699,3
dish_1550770751,3
dish_1550770802,5
dish_1550770866,5
dish_1550771191,3
dish_1550771267,5
dish_1550771330,3
dish_1550771387,5
dish_1550771421,5
dish_1550771487,3
dish_1550771562,3
dish_1550771606,5
dish_1550771648,5
dish_1550771707,5
dish_1550771796,3
dish_1550771869,3
dish_1550771938,3
dish_1550771984,5
dish_1550772027,5
dish_1550772088,5
dish_1550772168,3
dish_1550772199,5
dish_1550772270,5
dish_1550772314,5
dish_1550772367,5
dish_1550772454,5
dish_1550772505,3
dish_1550772551,5
dish_1550772617,5
dish_1550772701,3
dish_1550772753,3
dish_1550772809,5
dish_1550772849,5
dish_1550772892,5
dish_1550772960,3
dish_1550773038,5
dish_1550773162,3
dish_1550773200,5
dish_1550773284,5
dish_1550773349,3
dish_1550773394,5
dish_1550773430,3
dish_1550773506,5
dish_1550773591,5
dish_1550773771,3
dish_1550773839,5
dish_1550773917,3
dish_1550773949,5
dish_1550773995,5
dish_1550774244,3
dish_1550774296,3
dish_1550774815,3
dish_1550774895,3
dish_1550775126,5
dish_1550775219,3
dish_1550775273,5
dish_1550775318,5
dish_1550775363,5
dish_1550775393,5
dish_1550775472,3
dish_1550776767,3
dish_1550776854,3
dish_1550776907,5
dish_1550776957,5
dish_1550777025,3
dish_1550777124,3
dish_1550777181,5
dish_1550777218,5
dish_1550777256,5
dish_1550777319,3
dish_1550777418,3
dish_1550777469,3
dish_1550777511,5
dish_1550777566,5
dish_1550777646,3
dish_1550777713,3
dish_1550777791,3
dish_1550777827,5
dish_1550777860,5
dish_1550777919,3
dish_1550778007,3
dish_1550778058,3
dish_1550778118,5
dish_1550778172,5
dish_1550778312,3
dish_1550778355,5
dish_1550778401,3
dish_1550778435,5
dish_1550778469,5
dish_1550778535,3
dish_1550778583,5
dish_1550778619,5
dish_1550778646,5
dish_1550778694,5
dish_1550778856,3
dish_1550778922,3
dish_1550778981,3
dish_1550779014,5
dish_1550779058,5
dish_1550779153,5
dish_1550779219,3
dish_1550779282,3
dish_1550779336,5
dish_1550779388,5
dish_1550780717,3
dish_1550781280,3
dish_1550781317,3
dish_1550781347,5
dish_1550781372,5
dish_1550785292,5
dish_1550785404,5
dish_1550785481,5
dish_1550785526,5
dish_1550785599,5
dish_1550785697,5
dish_1550785808,5
dish_1550785876,5
dish_1550785915,5
dish_1550785975,5
dish_1550788191,3
dish_1550788264,3
dish_1550788398,3
dish_1550788505,5
dish_1550788591,5
dish_1550788827,3
dish_1550788957,3
dish_1550789186,5
dish_1550789255,5
dish_1550789321,5
dish_1550789705,5
dish_1550789814,3
dish_1550789860,5
dish_1550790042,5
dish_1550790252,3
dish_1550790347,3
dish_1550790442,5
dish_1550790511,5
dish_1550790554,5
dish_1550790874,3
dish_1550791105,5
dish_1550791160,3
dish_1550791214,5
dish_1550791302,5
dish_1550791644,3
dish_1550791701,5
dish_1550791822,5
dish_1550791884,5
dish_1550791942,5
dish_1550792023,3
dish_1550792143,3
dish_1550792194,3
dish_1550792315,5
dish_1550792365,5
dish_1550792493,3
dish_1550792595,5
dish_1550792734,3
dish_1550792824,5
dish_1550792864,5
dish_1550793023,3
dish_1550793093,5
dish_1550793192,3
dish_1550793245,5
dish_1550793300,5
dish_1550793485,5
dish_1550793525,3
dish_1550793582,3
dish_1550793621,5
dish_1550793673,5
dish_1550795331,3
dish_1550795361,3
dish_1550795423,3
dish_1550795455,5
dish_1550795497,3
dish_1550795690,3
dish_1550795856,3
dish_1550796058,3
dish_1550796152,5
dish_1550796330,5
dish_1550796634,3
dish_1550796686,3
dish_1550796731,3
dish_1550796763,3
dish_1550796794,3
dish_1550796973,3
dish_1550797031,3
dish_1550797094,3
dish_1550797130,5
dish_1550797169,5
dish_1550797474,3
dish_1550797692,3
dish_1550797753,3
dish_1550797791,5
dish_1550797833,5
dish_1550859356,3
dish_1550859396,3
dish_1550859544,3
dish_1550859578,5
dish_1550859622,5
dish_1550859694,3
dish_1550859927,3
dish_1550859977,3
dish_1550860041,5
dish_1550860107,5
dish_1550860188,5
dish_1550860307,3
dish_1550860361,5
dish_1550860444,5
dish_1550860513,5
dish_1550860631,3
dish_1550860747,3
dish_1550860787,3
dish_1550860820,5
dish_1550860858,5
dish_1550860919,5
dish_1550861027,3
dish_1550861074,3
dish_1550861124,5
dish_1550861187,5
dish_1550861324,3
dish_1550861388,3
dish_1550861432,3
dish_1550861458,5
dish_1550861520,3
dish_1550861584,3
dish_1550861605,3
dish_1550861670,5
dish_1550861703,5
dish_1550861835,5
dish_1550861903,3
dish_1550861950,3
dish_1550861994,3
dish_1550862036,3
dish_1550862106,5
dish_1550862190,3
dish_1550862217,3
dish_1550862272,3
dish_1550862349,5
dish_1550862399,5
dish_1550862495,3
dish_1550862580,3
dish_1550862648,3
dish_1550862681,3
dish_1550862733,3
dish_1550862840,3
dish_1550862908,3
dish_1550862993,1
dish_1550863037,3
dish_1550863078,5
dish_1550863155,3
dish_1550863247,3
dish_1550863285,3
dish_1550863309,3
dish_1550863381,3
dish_1550873044,3
dish_1550873218,3
dish_1550873264,3
dish_1550873303,5
dish_1550873338,5
dish_1550873434,3
dish_1550873486,3
dish_1550873572,3
dish_1550873668,5
dish_1550873788,5
dish_1550873952,3
dish_1550874079,3
dish_1550874153,3
dish_1550874191,5
dish_1550874267,5
dish_1550874464,3
dish_1550874640,3
dish_1550874679,3
dish_1550874729,3
dish_1550874756,3
dish_1550874829,3
dish_1550874872,3
dish_1550874918,3
dish_1550874950,3
dish_1550875058,3
dish_1550875168,3
dish_1550875229,3
dish_1550875293,3
dish_1550875347,5
dish_1550875400,5
dish_1550875891,3
dish_1550875931,3
dish_1550875968,3
dish_1550876012,5
dish_1550876055,5
dish_1550876249,3
dish_1550876298,3
dish_1550876376,3
dish_1550876416,3
dish_1550876467,3
dish_1550876619,3
dish_1550876748,3
dish_1550876819,3
dish_1550876892,3
dish_1550876969,3
dish_1551122493,3
dish_1551122567,5
dish_1551122614,5
dish_1551122662,5
dish_1551122713,5
dish_1551122795,3
dish_1551122844,3
dish_1551122871,3
dish_1551122914,5
dish_1551122952,5
dish_1551123023,5
dish_1551123072,3
dish_1551123396,3
dish_1551123455,5
dish_1551123633,5
dish_1551123904,3
dish_1551123986,3
dish_1551124062,3
dish_1551124116,5
dish_1551124157,5
dish_1551124221,3
dish_1551124267,5
dish_1551124322,5
dish_1551124362,5
dish_1551124407,5
dish_1551124481,5
dish_1551124591,3
dish_1551124637,5
dish_1551124687,5
dish_1551124723,5
dish_1551125258,3
dish_1551125305,5
dish_1551125357,3
dish_1551125384,5
dish_1551125436,5
dish_1551133789,3
dish_1551133870,3
dish_1551134053,5
dish_1551134138,5
dish_1551134208,5
dish_1551134442,3
dish_1551134622,3
dish_1551134757,5
dish_1551134824,5
dish_1551134895,5
dish_1551134987,3
dish_1551135179,5
dish_1551135297,3
dish_1551135363,5
dish_1551135415,5
dish_1551135536,5
dish_1551135590,3
dish_1551135656,3
dish_1551135718,5
dish_1551135767,5
dish_1551135896,3
dish_1551136043,3
dish_1551136264,3
dish_1551136315,5
dish_1551136396,5
dish_1551136531,3
dish_1551136610,5
dish_1551136683,3
dish_1551136769,5
dish_1551136814,5
dish_1551136891,5
dish_1551137091,5
dish_1551137173,5
dish_1551137277,5
dish_1551137348,5
dish_1551137431,3
dish_1551138110,3
dish_1551138180,3
dish_1551138237,5
dish_1551138312,5
dish_1551139066,3
dish_1551139192,3
dish_1551139260,5
dish_1551139325,5
dish_1551139367,5
dish_1551139415,3
dish_1551139487,3
dish_1551139535,3
dish_1551139576,5
dish_1551139606,5
dish_1551139675,3
dish_1551139764,3
dish_1551139831,3
dish_1551139874,5
dish_1551139956,5
dish_1551141628,3
dish_1551141670,3
dish_1551141710,3
dish_1551141747,5
dish_1551141779,5
dish_1551141849,3
dish_1551141892,5
dish_1551141931,3
dish_1551142001,5
dish_1551142046,5
dish_1551142128,1
dish_1551142459,3
dish_1551142509,5
dish_1551142547,5
dish_1551142589,5
dish_1551221581,3
dish_1551221801,3
dish_1551221853,3
dish_1551221892,5
dish_1551221935,5
dish_1551222036,5
dish_1551222068,5
dish_1551222188,5
dish_1551222225,5
dish_1551222311,5
dish_1551222363,3
dish_1551222472,3
dish_1551222527,3
dish_1551222558,5
dish_1551222587,5
dish_1551222638,3
dish_1551222712,3
dish_1551222759,3
dish_1551222791,5
dish_1551222833,5
dish_1551222877,3
dish_1551222935,3
dish_1551222982,3
dish_1551223023,5
dish_1551223114,5
dish_1551223195,5
dish_1551223249,3
dish_1551223311,3
dish_1551223346,5
dish_1551223394,5
dish_1551224001,3
dish_1551224089,3
dish_1551224138,5
dish_1551224175,5
dish_1551224208,5
dish_1551224283,3
dish_1551224380,3
dish_1551224447,3
dish_1551224483,5
dish_1551224534,5
dish_1551224647,3
dish_1551224689,3
dish_1551224751,3
dish_1551224787,5
dish_1551224833,5
dish_1551224928,3
dish_1551225021,3
dish_1551225067,3
dish_1551225106,5
dish_1551225155,5
dish_1551225281,3
dish_1551225381,3
dish_1551225467,3
dish_1551225501,5
dish_1551225541,5
dish_1551225609,3
dish_1551225666,3
dish_1551225714,3
dish_1551225764,3
dish_1551225793,5
dish_1551225836,5
dish_1551225948,3
dish_1551226013,3
dish_1551226049,5
dish_1551226101,5
dish_1551226308,3
dish_1551226363,3
dish_1551226409,3
dish_1551226442,5
dish_1551226475,5
dish_1551226840,5
dish_1551226892,3
dish_1551226948,3
dish_1551226999,5
dish_1551227050,5
dish_1551227165,3
dish_1551227216,3
dish_1551227280,3
dish_1551227325,5
dish_1551227380,5
dish_1551227435,5
dish_1551227539,3
dish_1551227581,3
dish_1551227628,5
dish_1551227669,5
dish_1551228296,3
dish_1551228355,3
dish_1551228396,3
dish_1551228438,5
dish_1551228478,5
dish_1551228551,3
dish_1551228582,3
dish_1551228630,3
dish_1551228669,5
dish_1551228715,5
dish_1551228830,3
dish_1551228876,5
dish_1551228930,3
dish_1551228971,5
dish_1551229028,5
dish_1551232627,3
dish_1551232686,3
dish_1551232713,3
dish_1551232748,5
dish_1551232782,5
dish_1551232851,3
dish_1551232905,3
dish_1551232936,3
dish_1551232973,5
dish_1551233007,5
dish_1551233095,3
dish_1551233150,3
dish_1551233180,3
dish_1551233210,3
dish_1551233248,5
dish_1551233313,3
dish_1551233345,3
dish_1551233375,5
dish_1551233403,5
dish_1551233434,5
dish_1551233491,3
dish_1551233523,3
dish_1551233573,3
dish_1551233610,5
dish_1551233633,5
dish_1551233708,3
dish_1551233745,3
dish_1551233802,3
dish_1551233827,5
dish_1551233859,5
dish_1551233938,3
dish_1551233982,3
dish_1551234017,3
dish_1551234046,5
dish_1551234106,5
dish_1551234185,3
dish_1551234214,3
dish_1551234252,3
dish_1551234288,5
dish_1551234316,5
dish_1551235109,5
dish_1551235171,5
dish_1551235211,3
dish_1551235240,5
dish_1551235270,5
dish_1551235561,3
dish_1551235600,3
dish_1551235669,3
dish_1551235699,5
dish_1551235759,3
dish_1551235868,3
dish_1551235946,5
dish_1551235983,3
dish_1551236011,5
dish_1551236159,5
dish_1551236417,3
dish_1551236466,3
dish_1551236495,5
dish_1551236521,5
dish_1551236550,5
dish_1551236621,5
dish_1551236657,3
dish_1551236712,3
dish_1551236775,5
dish_1551236827,5
dish_1551236949,5
dish_1551236981,5
dish_1551237016,3
dish_1551237046,5
dish_1551237079,5
dish_1551237180,3
dish_1551237231,3
dish_1551237274,3
dish_1551237321,3
dish_1551237348,3
dish_1551237436,3
dish_1551237463,3
dish_1551237498,3
dish_1551237527,5
dish_1551237558,5
dish_1551237607,3
dish_1551237710,5
dish_1551237778,3
dish_1551237814,5
dish_1551237854,5
dish_1551303168,3
dish_1551303285,3
dish_1551303338,3
dish_1551303437,5
dish_1551303476,5
dish_1551303644,3
dish_1551303727,3
dish_1551303770,3
dish_1551303822,5
dish_1551303866,5
dish_1551303912,3
dish_1551303984,3
dish_1551304110,3
dish_1551304155,5
dish_1551304197,5
dish_1551304349,3
dish_1551304456,3
dish_1551304571,3
dish_1551304608,5
dish_1551304741,5
dish_1551304854,5
dish_1551304973,3
dish_1551305168,3
dish_1551305209,5
dish_1551305257,5
dish_1551305410,3
dish_1551306241,3
dish_1551306290,3
dish_1551306339,5
dish_1551306375,5
dish_1551306452,3
dish_1551306491,3
dish_1551306561,5
dish_1551306647,5
dish_1551306691,5
dish_1551306798,3
dish_1551306860,3
dish_1551306958,3
dish_1551307013,5
dish_1551307090,5
dish_1551307170,3
dish_1551307258,3
dish_1551307325,3
dish_1551307361,5
dish_1551307394,5
dish_1551313782,3
dish_1551313822,3
dish_1551313872,3
dish_1551313896,5
dish_1551313924,5
dish_1551314022,3
dish_1551314048,3
dish_1551314095,3
dish_1551314121,3
dish_1551314163,3
dish_1551314254,3
dish_1551314290,3
dish_1551314337,3
dish_1551314360,3
dish_1551314390,3
dish_1551314442,3
dish_1551314496,3
dish_1551314531,3
dish_1551314560,5
dish_1551314589,5
dish_1551314669,3
dish_1551314810,3
dish_1551314855,3
dish_1551314927,5
dish_1551314967,5
dish_1551316737,3
dish_1551316788,3
dish_1551316838,3
dish_1551316878,5
dish_1551317350,5
dish_1551317449,3
dish_1551317508,3
dish_1551317589,3
dish_1551317628,5
dish_1551317743,5
dish_1551317998,3
dish_1551318068,3
dish_1551318183,3
dish_1551318377,5
dish_1551318422,5
dish_1551318504,3
dish_1551318543,3
dish_1551318603,3
dish_1551318673,5
dish_1551318716,5
dish_1551319895,3
dish_1551320684,3
dish_1551321715,3
dish_1551321757,5
dish_1551321793,5
dish_1551322577,3
dish_1551322652,3
dish_1551322714,3
dish_1551322755,5
dish_1551322804,5
dish_1551322890,3
dish_1551322934,3
dish_1551322988,3
dish_1551323035,5
dish_1551323073,5
dish_1551323219,3
dish_1551323262,3
dish_1551323309,3
dish_1551323342,5
dish_1551323381,5
dish_1551323433,3
dish_1551323487,3
dish_1551323574,5
dish_1551323662,5
dish_1551323794,3
dish_1551323866,3
dish_1551323937,5
dish_1551323969,5
dish_1551324010,5
dish_1551324079,3
dish_1551324180,5
dish_1551324246,3
dish_1551324284,5
dish_1551324331,5
dish_1551373181,3
dish_1551373253,3
dish_1551373647,3
dish_1551373738,5
dish_1551373813,5
dish_1551374021,3
dish_1551374155,3
dish_1551374189,3
dish_1551374222,5
dish_1551374332,5
dish_1551374440,3
dish_1551374463,3
dish_1551374502,3
dish_1551374527,5
dish_1551374560,3
dish_1551374604,3
dish_1551374665,3
dish_1551374712,3
dish_1551374746,5
dish_1551374783,3
dish_1551374831,3
dish_1551374895,5
dish_1551374946,3
dish_1551374982,5
dish_1551375027,5
dish_1551375086,3
dish_1551375142,3
dish_1551375189,3
dish_1551375218,5
dish_1551375252,5
dish_1551375297,3
dish_1551375366,3
dish_1551375411,3
dish_1551375443,5
dish_1551375480,5
dish_1551375596,3
dish_1551375650,3
dish_1551375715,3
dish_1551375747,5
dish_1551375783,5
dish_1551375848,3
dish_1551375933,3
dish_1551375981,5
dish_1551376575,5
dish_1551376623,5
dish_1551376692,3
dish_1551376892,3
dish_1551376933,5
dish_1551376970,5
dish_1551377052,3
dish_1551377094,3
dish_1551377135,3
dish_1551377177,5
dish_1551377209,5
dish_1551377316,3
dish_1551377388,3
dish_1551377438,3
dish_1551377473,5
dish_1551377521,5
dish_1551377674,5
dish_1551377737,3
dish_1551377782,5
dish_1551377828,5
dish_1551377874,5
dish_1551378018,3
dish_1551378054,5
dish_1551378151,5
dish_1551378179,5
dish_1551378291,5
dish_1551378344,3
dish_1551378397,5
dish_1551378449,5
dish_1551378490,5
dish_1551378584,3
dish_1551378635,3
dish_1551378684,3
dish_1551378719,5
dish_1551378762,5
dish_1551378829,5
dish_1551378898,3
dish_1551378955,5
dish_1551378996,5
dish_1551379045,5
dish_1551379162,3
dish_1551379252,3
dish_1551379331,3
dish_1551379379,5
dish_1551379408,5
dish_1551379478,3
dish_1551379524,3
dish_1551379566,5
dish_1551379605,5
dish_1551379654,5
dish_1551379741,3
dish_1551379788,3
dish_1551379852,3
dish_1551379881,5
dish_1551379922,5
dish_1551380856,3
dish_1551380950,3
dish_1551381050,5
dish_1551381103,5
dish_1551381173,3
dish_1551381208,3
dish_1551381249,3
dish_1551381285,5
dish_1551381321,5
dish_1551381365,3
dish_1551381404,3
dish_1551381450,3
dish_1551381496,5
dish_1551381555,5
dish_1551381661,3
dish_1551381730,3
dish_1551381829,3
dish_1551381877,5
dish_1551381921,5
dish_1551381990,5
dish_1551382060,3
dish_1551382115,3
dish_1551382149,5
dish_1551382179,5
dish_1551382255,5
dish_1551384024,3
dish_1551384080,3
dish_1551384115,5
dish_1551384167,5
dish_1551388984,3
dish_1551389118,3
dish_1551389176,3
dish_1551389218,5
dish_1551389268,5
dish_1551389387,3
dish_1551389458,3
dish_1551389506,5
dish_1551389551,5
dish_1551389588,5
dish_1551389684,3
dish_1551389749,3
dish_1551390006,3
dish_1551390051,5
dish_1551390215,3
dish_1551390265,3
dish_1551390304,3
dish_1551390341,5
dish_1551390382,5
dish_1551390429,3
dish_1551390474,3
dish_1551390528,3
dish_1551390560,5
dish_1551390594,5
dish_1551390651,3
dish_1551390758,3
dish_1551390802,3
dish_1551390837,3
dish_1551390872,5
dish_1551390930,3
dish_1551390979,3
dish_1551391034,3
dish_1551391083,5
dish_1551391122,5
dish_1551391197,3
dish_1551391257,3
dish_1551391302,3
dish_1551391337,5
dish_1551391379,5
dish_1551391438,3
dish_1551391477,5
dish_1551391505,5
dish_1551391543,5
dish_1551391586,5
dish_1551391672,3
dish_1551391710,3
dish_1551391733,3
dish_1551391758,5
dish_1551391795,5
dish_1551392271,3
dish_1551392316,3
dish_1551392347,3
dish_1551392376,5
dish_1551392424,5
dish_1551392519,3
dish_1551392557,3
dish_1551392590,3
dish_1551392654,5
dish_1551392701,5
dish_1551392752,3
dish_1551392833,3
dish_1551392884,3
dish_1551392919,5
dish_1551392958,5
dish_1551393021,3
dish_1551393069,5
dish_1551393113,5
dish_1551393161,5
dish_1551393210,5
dish_1551394614,3
dish_1551394781,3
dish_1551394835,3
dish_1551394874,3
dish_1551394927,3
dish_1551395022,3
dish_1551395088,3
dish_1551395194,3
dish_1551395233,5
dish_1551395269,5
dish_1551395396,3
dish_1551395512,3
dish_1551395580,5
dish_1551395766,5
dish_1551395800,5
dish_1551395909,3
dish_1551395987,3
dish_1551396061,3
dish_1551396096,5
dish_1551396309,5
dish_1551396629,3
dish_1551396678,3
dish_1551397543,3
dish_1551397591,5
dish_1551397629,5
dish_1551397714,3
dish_1551397752,3
dish_1551399031,3
dish_1551399100,5
dish_1551399151,5
dish_1551399293,3
dish_1551399340,3
dish_1551399402,5
dish_1551399449,5
dish_1551399484,5
dish_1551485983,3
dish_1551486108,3
dish_1551486158,3
dish_1551486217,5
dish_1551486277,5
dish_1551486372,5
dish_1551486411,3
dish_1551486571,3
dish_1551486628,5
dish_1551486680,5
dish_1551487117,3
dish_1551487158,3
dish_1551487288,3
dish_1551487472,5
dish_1551487560,5
dish_1551487735,3
dish_1551487779,3
dish_1551488103,3
dish_1551488137,5
dish_1551488197,5
dish_1551488324,3
dish_1551488371,3
dish_1551488415,3
dish_1551488448,5
dish_1551488485,5
dish_1551488572,3
dish_1551488691,3
dish_1551488737,3
dish_1551488776,5
dish_1551488807,3
dish_1551488861,3
dish_1551489812,5
dish_1551489885,3
dish_1551489931,5
dish_1551489961,5
dish_1551490399,3
dish_1551490433,5
dish_1551490469,3
dish_1551490503,5
dish_1551490544,5
dish_1551490670,3
dish_1551490701,3
dish_1551490740,3
dish_1551490767,5
dish_1551490819,5
dish_1551490896,3
dish_1551490962,3
dish_1551491020,3
dish_1551491048,5
dish_1551491090,5
dish_1551491179,3
dish_1551491216,3
dish_1551491271,3
dish_1551491297,5
dish_1551491326,5
dish_1551491413,3
dish_1551491452,5
dish_1551492023,3
dish_1551492056,5
dish_1551492093,5
dish_1551492252,3
dish_1551492287,3
dish_1551492318,3
dish_1551492348,5
dish_1551492369,5
dish_1551492468,3
dish_1551492506,3
dish_1551492534,3
dish_1551492561,5
dish_1551492590,5
dish_1551492666,3
dish_1551492702,5
dish_1551492732,3
dish_1551492762,5
dish_1551492790,5
dish_1551492866,3
dish_1551492908,5
dish_1551492935,3
dish_1551492975,5
dish_1551493005,5
dish_1551493123,3
dish_1551493159,3
dish_1551493236,3
dish_1551493278,5
dish_1551493311,5
dish_1551493680,3
dish_1551493698,3
dish_1551493723,3
dish_1551493749,5
dish_1551493773,5
dish_1551493823,3
dish_1551493854,3
dish_1551493883,3
dish_1551493916,5
dish_1551493942,5
dish_1551494035,3
dish_1551494058,5
dish_1551494095,3
dish_1551494147,5
dish_1551494178,5
dish_1551562881,3
dish_1551563001,3
dish_1551563119,3
dish_1551563170,5
dish_1551563213,5
dish_1551563294,3
dish_1551563337,3
dish_1551563370,3
dish_1551563400,5
dish_1551563429,5
dish_1551563511,3
dish_1551563550,3
dish_1551563591,3
dish_1551563627,3
dish_1551563660,5
dish_1551563723,3
dish_1551563773,3
dish_1551563824,3
dish_1551563853,5
dish_1551563890,5
dish_1551563925,3
dish_1551563964,3
dish_1551564016,3
dish_1551564053,5
dish_1551564084,5
dish_1551564131,3
dish_1551564176,3
dish_1551564221,3
dish_1551564255,5
dish_1551564282,5
dish_1551564352,3
dish_1551564381,3
dish_1551564423,3
dish_1551564456,5
dish_1551564480,5
dish_1551564543,3
dish_1551564577,3
dish_1551564637,5
dish_1551564857,5
dish_1551564907,5
dish_1551564947,3
dish_1551564992,3
dish_1551565034,3
dish_1551565068,5
dish_1551565096,5
dish_1551565168,3
dish_1551565204,3
dish_1551565237,3
dish_1551565289,5
dish_1551565321,5
dish_1551565379,3
dish_1551565425,5
dish_1551565464,3
dish_1551565495,5
dish_1551565529,5
dish_1551565570,3
dish_1551565613,3
dish_1551565653,3
dish_1551565720,5
dish_1551565752,5
dish_1551565797,3
dish_1551565845,3
dish_1551565884,3
dish_1551565909,5
dish_1551565945,3
dish_1551565996,3
dish_1551566047,3
dish_1551566083,3
dish_1551566130,5
dish_1551566159,5
dish_1551566208,3
dish_1551566236,3
dish_1551566277,3
dish_1551566316,5
dish_1551566356,5
dish_1551566421,3
dish_1551566464,3
dish_1551566499,3
dish_1551566524,5
dish_1551566547,5
dish_1551566592,3
dish_1551566642,3
dish_1551566687,3
dish_1551566753,5
dish_1551566781,5
dish_1551566851,3
dish_1551566887,3
dish_1551566922,3
dish_1551566974,5
dish_1551567004,5
dish_1551567084,3
dish_1551567106,3
dish_1551567141,3
dish_1551567170,5
dish_1551567230,5
dish_1551567293,3
dish_1551567329,3
dish_1551567368,3
dish_1551567396,5
dish_1551567426,5
dish_1551567471,3
dish_1551567508,3
dish_1551567541,3
dish_1551567573,5
dish_1551567604,5
dish_1551567650,3
dish_1551567694,3
dish_1551567731,3
dish_1551567775,5
dish_1551567805,5
dish_1551567848,5
dish_1551567896,5
dish_1551567937,3
dish_1551567964,5
dish_1551567992,5
dish_1551568059,3
dish_1551568156,3
dish_1551568200,3
dish_1551568240,5
dish_1551568285,5
dish_1556573514,5
dish_1556575014,5
dish_1556575083,3
dish_1556575124,3
dish_1556575273,5
dish_1556575327,5
dish_1556575386,5
dish_1556575446,5
dish_1556575499,5
dish_1556575558,5
dish_1556575700,3
dish_1557853154,3
dish_1557853229,5
dish_1557853314,5
dish_1557853429,5
dish_1557861216,3
dish_1557861605,3
dish_1557861697,5
dish_1557861795,3
dish_1557861837,5
dish_1557862345,3
dish_1557862696,3
dish_1557862738,5
dish_1557862783,5
dish_1557862829,5
dish_1557863012,3
dish_1557863056,3
dish_1557863104,5
dish_1557863170,5
dish_1557936555,1
dish_1557936599,3
dish_1557936645,3
dish_1557937037,3
dish_1557937079,3
dish_1557937157,4
dish_1557937335,3
dish_1557937427,3
dish_1557937574,3
dish_1557937615,2
dish_1557937715,3
dish_1557937758,5
dish_1558027057,3
dish_1558027243,0
dish_1558028007,1
dish_1558028194,2
dish_1558029230,1
dish_1558029324,5
dish_1558029686,3
dish_1558029923,0
dish_1558030182,1
dish_1558030289,1
dish_1558030383,1
dish_1558030435,5
dish_1558030724,3
dish_1558030832,1
dish_1558030910,1
dish_1558031019,5
dish_1558031133,2
dish_1558031302,1
dish_1558031351,2
dish_1558031394,0
dish_1558031526,2
dish_1558031566,1
dish_1558032156,2
dish_1558114086,1
dish_1558114209,1
dish_1558114484,1
dish_1558114523,1
dish_1558114609,1
dish_1558114875,1
dish_1558115011,1
dish_1558115169,1
dish_1558115241,1
dish_1558115282,1
dish_1558115320,1
dish_1558115512,1
dish_1558115601,1
dish_1558115641,5
dish_1558115764,1
dish_1558115960,1
dish_1558116001,4
dish_1558116146,1
dish_1558116260,1
dish_1558116399,1
dish_1558116436,1
dish_1558122740,4
dish_1558373639,1
dish_1558373687,1
dish_1558375583,4
dish_1558376734,1
dish_1558377105,1
dish_1558378553,1
dish_1558379273,1
dish_1558379391,1
dish_1558379588,1
dish_1558379712,1
dish_1558379876,0
dish_1558380014,1
dish_1558380181,4
dish_1558381665,1
dish_1558381708,1
dish_1558381860,1
dish_1558459994,1
dish_1558460061,1
dish_1558460138,1
dish_1558460205,1
dish_1558461431,1
dish_1558461692,1
dish_1558461760,1
dish_1558461792,4
dish_1558462106,2
dish_1558463113,4
dish_1558463690,4
dish_1558468401,1
dish_1558468435,1
dish_1558468547,1
dish_1558468632,1
dish_1558544427,2
dish_1558546434,1
dish_1558546558,1
dish_1558546918,2
dish_1558547008,1
dish_1558547124,1
dish_1558549086,2
dish_1558549214,0
dish_1558550181,1
dish_1558550218,1
dish_1559585533,1
dish_1559589873,2
dish_1559589902,3
dish_1559589942,0
dish_1559590005,0
dish_1559590031,0
dish_1559590099,1
dish_1559590130,2
dish_1559590157,4
dish_1559590202,4
dish_1559593646,1
dish_1559593722,4
dish_1559593746,1
dish_1559593794,0
dish_1559667948,2
dish_1559667973,2
dish_1559667994,0
dish_1559668016,0
dish_1559668272,0
dish_1559668314,0
dish_1559674074,1
dish_1559674866,0
dish_1559675101,1
dish_1559675146,2
dish_1559675178,0
dish_1559675234,2
dish_1559675268,0
dish_1559678104,4
dish_1559678127,4
dish_1559678146,0
dish_1559678367,4
dish_1559678457,0
dish_1559678629,1
dish_1559751710,1
dish_1559751775,0
dish_1559838279,1
dish_1559838402,0
dish_1559841061,1
dish_1559841091,0
dish_1559841127,0
dish_1559841163,4
dish_1559841808,2
dish_1559841979,2
dish_1559842274,1
dish_1559842326,1
dish_1559842374,1
dish_1559842409,1
dish_1559843492,0
dish_1559843690,2
dish_1559844323,1
dish_1559844366,1
dish_1559844506,1
dish_1559844657,3
dish_1559844683,3
dish_1559844928,1
dish_1559844951,1
dish_1559845018,1
dish_1559845046,0
dish_1559845290,1
dish_1559845370,1
dish_1559845513,1
dish_1559845637,3
dish_1559845745,1
dish_1559846034,1
dish_1559846073,1
dish_1559846334,1
dish_1559846504,1
dish_1559846528,1
dish_1559846688,1
dish_1559846825,1
dish_1559849053,3
dish_1559849097,1
dish_1559849497,4
dish_1559849537,4
dish_1559850338,1
dish_1559925083,1
dish_1559933818,4
dish_1559933834,4
dish_1559934477,1
dish_1559934679,4
dish_1559934708,4
dish_1560203400,2
dish_1560203424,2
dish_1560270630,0
dish_1560356314,4
dish_1560356337,0
dish_1560356355,4
dish_1560356523,1
dish_1560356566,0
dish_1560356627,0
dish_1560357427,1
dish_1560357792,1
dish_1560357832,1
dish_1560360055,0
dish_1560360102,0
dish_1560360112,0
dish_1560360148,0
dish_1560366438,4
dish_1560366460,4
dish_1560367085,2
dish_1560367116,2
dish_1560367193,4
dish_1560367296,4
dish_1560367333,4
dish_1560367676,2
dish_1560367698,4
dish_1560367715,4
dish_1560367733,4
dish_1560367904,1
dish_1560367926,2
dish_1560367952,4
dish_1560367980,4
dish_1560368019,4
dish_1560368138,1
dish_1560368162,1
dish_1560368464,2
dish_1560368506,4
dish_1560368570,4
dish_1560368764,4
dish_1560368944,2
dish_1560368972,1
dish_1560368990,2
dish_1560369008,4
dish_1560369080,4
dish_1560369102,4
dish_1560369122,4
dish_1560369255,2
dish_1560369273,0
dish_1560369294,4
dish_1560369313,4
dish_1560369403,4
dish_1560369421,4
dish_1560370804,1
dish_1560441288,1
dish_1560441311,4
dish_1560441339,0
dish_1560441464,1
dish_1560442303,4
dish_1560442374,1
dish_1560442450,1
dish_1560444815,4
dish_1560444931,2
dish_1560444948,0
dish_1560444967,2
dish_1560444985,1
dish_1560445004,0
dish_1560445069,1
dish_1560453132,4
dish_1560453150,4
dish_1560453174,4
dish_1560453275,2
dish_1560453294,4
dish_1560453328,4
dish_1560453356,4
dish_1560453380,4
dish_1560453412,4
dish_1560454488,1
dish_1560454513,4
dish_1560454539,4
dish_1560454562,4
dish_1560455030,1
dish_1560455059,4
dish_1560455090,0
dish_1560455179,4
dish_1560455203,4
dish_1560455224,4
dish_1560455263,4
dish_1560455343,2
dish_1560455380,4
dish_1560455399,1
dish_1560455421,4
dish_1560455442,4
dish_1560456305,2
dish_1560456326,4
dish_1560456348,4
dish_1560456370,4
dish_1560456794,4
dish_1560456814,4
dish_1560456833,0
dish_1560456853,4
dish_1560526447,4
dish_1560526490,0
dish_1560527070,3
dish_1560527105,4
dish_1560539314,3
dish_1560539340,4
dish_1560541793,4
dish_1560543505,0
dish_1560543525,0
dish_1560543557,0
dish_1560543583,0
dish_1560543605,0
dish_1560787696,2
dish_1560798656,2
dish_1560798707,1
dish_1560798928,0
dish_1560799113,3
dish_1560799368,1
dish_1560799558,2
dish_1560799615,0
dish_1560800836,1
dish_1560802562,3
dish_1560802730,0
dish_1560802764,4
dish_1560802853,0
dish_1560874751,4
dish_1560887408,1
dish_1560887457,4
dish_1560888849,2
dish_1560888893,1
dish_1560889032,1
dish_1560889061,0
dish_1560961012,1
dish_1560961059,1
dish_1560961202,4
dish_1560961261,1
dish_1560973958,4
dish_1560973984,0
dish_1560974009,4
dish_1560974769,4
dish_1560975491,1
dish_1560975572,4
dish_1560975628,4
dish_1560976044,1
dish_1561049409,4
dish_1561060448,1
dish_1561060477,1
dish_1561060503,2
dish_1561060613,4
dish_1561060642,4
dish_1561060976,4
dish_1561061123,4
dish_1561061658,4
dish_1561061687,4
dish_1561062237,2
dish_1561062286,2
dish_1561062586,0
dish_1561134156,1
dish_1561392386,1
dish_1561392430,2
dish_1561392459,4
dish_1561392543,2
dish_1561392593,4
dish_1561393550,1
dish_1561393649,1
dish_1561393764,4
dish_1561404438,2
dish_1561404458,0
dish_1561404485,4
dish_1561404505,0
dish_1561404924,2
dish_1561404956,2
dish_1561405008,4
dish_1561405034,4
dish_1561405332,2
dish_1561405356,4
dish_1561405389,4
dish_1561405411,4
dish_1561405836,1
dish_1561405864,1
dish_1561405887,2
dish_1561405912,2
dish_1561405934,4
dish_1561407208,1
dish_1561407249,2
dish_1561407312,0
dish_1561481577,1
dish_1561481606,4
dish_1561481634,4
dish_1561491121,1
dish_1561491154,2
dish_1561491180,4
dish_1561491210,4
dish_1561492161,1
dish_1561492228,4
dish_1561492628,2
dish_1561492665,2
dish_1561492687,4
dish_1561492703,4
dish_1561493975,5
dish_1561494001,4
dish_1561494032,4
dish_1561574215,1
dish_1561574368,2
dish_1561574394,2
dish_1561574428,0
dish_1561574456,0
dish_1561574479,4
dish_1561574600,2
dish_1561574623,0
dish_1561574783,1
dish_1561574815,4
dish_1561574848,4
dish_1561574974,3
dish_1561575033,2
dish_1561575068,4
dish_1561575274,2
dish_1561575300,4
dish_1561575327,4
dish_1561575347,0
dish_1561575445,2
dish_1561575474,2
dish_1561575506,0
dish_1561575613,4
dish_1561575661,0
dish_1561575908,2
dish_1561575951,2
dish_1561575977,4
dish_1561575996,4
dish_1561576026,4
dish_1561576051,4
dish_1561576074,4
dish_1561576212,2
dish_1561576257,2
dish_1561576295,0
dish_1561576320,4
dish_1561576449,4
dish_1561576483,4
dish_1561576590,2
dish_1561576618,2
dish_1561576652,2
dish_1561576680,4
dish_1561576707,0
dish_1561576737,4
dish_1561576767,0
dish_1561576794,4
dish_1561576887,2
dish_1561576916,0
dish_1561576954,4
dish_1561576978,0
dish_1561577083,2
dish_1561577119,2
dish_1561577146,2
dish_1561577177,2
dish_1561577198,2
dish_1561577219,0
dish_1561577549,2
dish_1561577573,4
dish_1561577598,0
dish_1561577678,2
dish_1561577701,2
dish_1561577731,4
dish_1561577848,4
dish_1561577947,4
dish_1561578156,2
dish_1561578188,2
dish_1561578226,0
dish_1561578323,2
dish_1561578373,0
dish_1561578394,0
dish_1561578417,4
dish_1561578441,0
dish_1561578461,0
dish_1561578570,2
dish_1561578603,2
dish_1561578623,0
dish_1561578676,2
dish_1561578775,2
dish_1561578800,4
dish_1561578839,0
dish_1561578865,4
dish_1561578898,0
dish_1561579576,1
dish_1561579617,2
dish_1561579673,0
dish_1561579706,4
dish_1561579824,2
dish_1561579845,2
dish_1561579867,4
dish_1561579902,0
dish_1561579933,4
dish_1561580278,2
dish_1561580322,2
dish_1561580370,2
dish_1561580406,0
dish_1561580431,0
dish_1561580659,4
dish_1561654326,1
dish_1561654346,4
dish_1561654707,4
dish_1561654732,4
dish_1561654756,0
dish_1561661324,2
dish_1561661347,0
dish_1561661377,2
dish_1561661479,2
dish_1561661552,4
dish_1561661806,2
dish_1561661850,0
dish_1561661972,2
dish_1561662022,0
dish_1561662054,0
dish_1561662160,2
dish_1561662190,0
dish_1561662216,0
dish_1561662458,2
dish_1561662501,2
dish_1561662532,4
dish_1561662814,2
dish_1561662842,2
dish_1561662869,0
dish_1561662926,4
dish_1561662948,0
dish_1561663068,0
dish_1561663541,2
dish_1561663580,4
dish_1561663606,0
dish_1561663786,1
dish_1561663817,4
dish_1561663855,4
dish_1561663891,4
dish_1561663914,0
dish_1561663990,2
dish_1561664013,2
dish_1561664042,2
dish_1561664061,4
dish_1561664977,1
dish_1561665024,4
dish_1561665065,4
dish_1561665378,2
dish_1561665422,0
dish_1561665452,4
dish_1561665706,2
dish_1561665747,0
dish_1561666794,1
dish_1561666821,0
dish_1561666849,0
dish_1561666875,0
dish_1561666897,0
dish_1561666923,4
dish_1561667207,3
dish_1561667430,2
dish_1561736736,2
dish_1561737200,2
dish_1561737223,0
dish_1561737776,0
dish_1561739160,2
dish_1561739212,4
dish_1561739238,2
dish_1561739265,4
dish_1561739576,1
dish_1561739649,4
dish_1561739719,0
dish_1561739805,4
dish_1561739954,1
dish_1561740321,2
dish_1561740353,0
dish_1561740385,0
dish_1561746876,2
dish_1561746912,2
dish_1561746970,0
dish_1561747075,2
dish_1561748274,4
dish_1561748862,2
dish_1561748950,2
dish_1561749016,4
dish_1561749061,4
dish_1561749348,3
dish_1561749664,2
dish_1561749711,1
dish_1561749750,0
dish_1561749778,0
dish_1561749818,0
dish_1561749857,0
dish_1561749908,0
dish_1561751897,2
dish_1561751958,2
dish_1561752035,4
dish_1561752481,1
dish_1561752509,2
dish_1561752535,0
dish_1561752563,0
dish_1561752680,2
dish_1561752970,2
dish_1561752996,2
dish_1561753021,0
dish_1561753075,0
dish_1561753168,2
dish_1561753203,2
dish_1561753238,0
dish_1561753275,0
dish_1561753400,0
dish_1561753477,4
dish_1561753589,2
dish_1561753623,2
dish_1561753649,2
dish_1561999309,4
dish_1561999332,0
dish_1561999355,0
dish_1561999624,2
dish_1561999706,0
dish_1562007739,2
dish_1562007763,0
dish_1562007789,0
dish_1562007817,0
dish_1562007842,0
dish_1562007904,0
dish_1562008394,3
dish_1562008429,2
dish_1562008476,2
dish_1562008517,2
dish_1562008549,0
dish_1562008738,4
dish_1562008780,0
dish_1562008813,0
dish_1562008979,0
dish_1562009006,0
dish_1562009098,2
dish_1562009120,0
dish_1562009148,0
dish_1562009894,4
dish_1562009934,4
dish_1562010048,4
dish_1562010085,4
dish_1562010130,0
dish_1562010266,0
dish_1562010293,0
dish_1562010315,0
dish_1562010369,1
dish_1562010394,4
dish_1562010418,4
dish_1562010440,4
dish_1562010821,2
dish_1562010865,4
dish_1562011727,2
dish_1562011765,0
dish_1562011794,0
dish_1562012048,2
dish_1562012076,4
dish_1562085163,2
dish_1562085185,0
dish_1562085672,2
dish_1562086067,2
dish_1562086116,0
dish_1562086501,2
dish_1562086564,4
dish_1562086595,0
dish_1562086702,2
dish_1562086740,4
dish_1562094621,2
dish_1562094730,0
dish_1562094877,2
dish_1562094931,2
dish_1562095283,4
dish_1562095340,0
dish_1562096372,2
dish_1562096401,4
dish_1562096512,2
dish_1562096542,4
dish_1562096584,4
dish_1562096608,0
dish_1562096907,2
dish_1562096933,0
dish_1562097001,4
dish_1562097624,2
dish_1562097673,4
dish_1562099053,2
dish_1562099076,2
dish_1562099102,2
dish_1562099134,0
dish_1562099157,0
dish_1562168427,4
dish_1562168450,4
dish_1562168471,0
dish_1562168648,1
dish_1562168673,2
dish_1562168800,0
dish_1562169762,4
dish_1562169818,4
dish_1562169840,4
dish_1562170207,2
dish_1562170236,4
dish_1562170331,0
dish_1562170356,0
dish_1562172643,4
dish_1562173200,2
dish_1562173247,2
dish_1562173267,0
dish_1562173411,2
dish_1562179966,2
dish_1562180025,0
dish_1562180089,0
dish_1562180157,0
dish_1562181217,2
dish_1562181247,2
dish_1562181285,0
dish_1562183065,2
dish_1562183125,4
dish_1562183151,0
dish_1562183175,0
dish_1562183201,0
dish_1562184604,2
dish_1562184628,2
dish_1562184663,0
dish_1562184705,0
dish_1562602657,0
dish_1562602803,2
dish_1562602832,2
dish_1562602860,0
dish_1562602888,0
dish_1562602918,4
dish_1562602945,4
dish_1562603536,1
dish_1562603569,2
dish_1562603598,0
dish_1562603626,4
dish_1562603842,0
dish_1562603867,0
dish_1562603895,0
dish_1562605315,1
dish_1562605352,0
dish_1562605384,4
dish_1562605411,0
dish_1562611522,0
dish_1562611580,0
dish_1562611620,2
dish_1562611649,2
dish_1562611680,0
dish_1562611853,0
dish_1562612974,4
dish_1562613010,0
dish_1562613045,0
dish_1562613285,1
dish_1562613340,0
dish_1562613376,0
dish_1562613403,0
dish_1562613867,4
dish_1562613898,0
dish_1562613918,4
dish_1562613974,4
dish_1562614121,4
dish_1562614158,0
dish_1562614895,1
dish_1562614921,4
dish_1562614952,0
dish_1562614980,0
dish_1562615070,2
dish_1562615103,0
dish_1562615128,4
dish_1562615153,0
dish_1562615283,2
dish_1562615324,2
dish_1562615360,4
dish_1562615388,0
dish_1562617370,0
dish_1562617395,2
dish_1562617416,0
dish_1562617446,0
dish_1562617470,0
dish_1562617492,0
dish_1562617939,4
dish_1562618000,4
dish_1562686492,1
dish_1562686520,4
dish_1562686548,4
dish_1562686577,0
dish_1562687246,1
dish_1562687274,4
dish_1562687299,4
dish_1562687527,0
dish_1562687554,0
dish_1562688426,2
dish_1562688482,1
dish_1562688524,0
dish_1562688552,1
dish_1562689601,1
dish_1562689620,4
dish_1562689645,4
dish_1562690047,1
dish_1562690074,4
dish_1562690112,4
dish_1562690144,0
dish_1562690886,2
dish_1562690917,1
dish_1562690950,2
dish_1562691000,4
dish_1562691032,0
dish_1562691064,0
dish_1562691383,2
dish_1562691441,0
dish_1562691466,0
dish_1562691538,3
dish_1562691566,0
dish_1562691613,0
dish_1562691645,0
dish_1562691674,0
dish_1562691737,0
dish_1562698100,2
dish_1562698132,0
dish_1562698209,2
dish_1562698239,1
dish_1562698276,4
dish_1562699612,2
dish_1562699652,4
dish_1562699699,0
dish_1562700524,4
dish_1562700568,4
dish_1562700593,4
dish_1562700685,2
dish_1562700718,0
dish_1562700760,1
dish_1562700906,2
dish_1562700931,4
dish_1562700957,4
dish_1562702007,1
dish_1562702044,2
dish_1562702091,0
dish_1562702132,0
dish_1562702355,4
dish_1562702379,4
dish_1562702412,4
dish_1562702469,4
dish_1562702813,3
dish_1562702853,1
dish_1562703382,0
dish_1562703408,0
dish_1562704528,2
dish_1562704564,2
dish_1562704616,0
dish_1562704640,0
dish_1562774099,2
dish_1562774129,2
dish_1562774159,0
dish_1562774180,0
dish_1562774206,0
dish_1562774346,0
dish_1562774456,2
dish_1562774475,1
dish_1562774504,2
dish_1562774531,1
dish_1562774980,2
dish_1562775356,2
dish_1562775373,4
dish_1562775456,2
dish_1562775488,2
dish_1562775510,4
dish_1562775549,0
dish_1562775574,0
dish_1562776428,2
dish_1562776465,2
dish_1562776497,1
dish_1562777000,1
dish_1562777037,4
dish_1562777068,4
dish_1562777099,1
dish_1562777566,1
dish_1562783691,4
dish_1562784242,1
dish_1562784266,1
dish_1562784307,1
dish_1562784347,4
dish_1562784388,0
dish_1562785132,1
dish_1562785159,4
dish_1562785184,0
dish_1562785328,1
dish_1562785369,4
dish_1562787745,2
dish_1562787783,2
dish_1562787817,0
dish_1562787848,4
dish_1562787956,2
dish_1562787983,2
dish_1562788010,2
dish_1562788032,4
dish_1562788506,2
dish_1562788536,0
dish_1562788568,0
dish_1562788601,0
dish_1562788732,2
dish_1562788760,2
dish_1562788794,0
dish_1562788816,4
dish_1562788845,0
dish_1562789207,2
dish_1562789240,2
dish_1562789268,4
dish_1562789301,0
dish_1562789328,0
dish_1562790170,0
dish_1562790224,0
dish_1562790259,0
dish_1562790295,0
dish_1562790321,0
dish_1562790775,4
dish_1562790824,0
dish_1562790855,0
dish_1562859116,1
dish_1562860045,1
dish_1562860073,0
dish_1562861125,1
dish_1562862493,1
dish_1562862529,0
dish_1562871297,2
dish_1562871363,2
dish_1562871408,2
dish_1562871448,2
dish_1562871488,0
dish_1562871537,0
dish_1562872150,1
dish_1562872182,4
dish_1562872223,0
dish_1562872365,1
dish_1562872396,2
dish_1562872432,0
dish_1562872470,0
dish_1562872498,0
dish_1562872662,2
dish_1562872746,4
dish_1562872914,2
dish_1562872945,1
dish_1562872981,4
dish_1562873002,4
dish_1562873028,0
dish_1562873155,2
dish_1562873187,0
dish_1562873224,0
dish_1562873264,0
dish_1562873416,2
dish_1562873495,4
dish_1562873544,4
dish_1562873790,4
dish_1562873814,5
dish_1562874049,4
dish_1562874203,0
dish_1562874250,0
dish_1562874282,4
dish_1562875159,5
dish_1562875211,4
dish_1562875241,0
dish_1562875273,0
dish_1562875320,0
dish_1562875833,1
dish_1562875870,4
dish_1562875898,0
dish_1562875940,0
dish_1562876494,1
dish_1562876531,2
dish_1562876618,0
dish_1562876674,2
dish_1562876709,2
dish_1562876732,0
dish_1562876756,4
dish_1562945186,2
dish_1562945332,4
dish_1562945393,3
dish_1562945445,4
dish_1562945499,4
dish_1562945779,1
dish_1562945823,0
dish_1562945879,0
dish_1562945900,0
dish_1562946006,0
dish_1562946106,0
dish_1562947020,1
dish_1562947376,0
dish_1562947409,4
dish_1562947436,4
dish_1562947469,4
dish_1562947503,0
dish_1562949162,1
dish_1562949205,2
dish_1562949242,2
dish_1562949467,2
dish_1562949515,0
dish_1562949541,0
dish_1562950018,2
dish_1562950057,1
dish_1562950091,1
dish_1562950895,1
dish_1562950934,2
dish_1562956486,2
dish_1562956510,0
dish_1562958563,2
dish_1562958603,2
dish_1562958629,4
dish_1562958721,3
dish_1562958775,4
dish_1562958809,0
dish_1562958998,2
dish_1562959024,2
dish_1562959059,0
dish_1562959103,0
dish_1562959129,0
dish_1562959190,0
dish_1562959295,1
dish_1562959344,1
dish_1562959379,4
dish_1562959485,2
dish_1562959517,2
dish_1562959547,4
dish_1562959570,4
dish_1562959700,4
dish_1562959732,1
dish_1562959766,0
dish_1562959799,0
dish_1562960437,2
dish_1562960472,2
dish_1562960520,0
dish_1562961588,2
dish_1562961609,2
dish_1562961650,0
dish_1562963006,1
dish_1562963033,0
dish_1562963059,4
dish_1562963084,0
dish_1562963109,0
dish_1562963153,4
dish_1562963246,2
dish_1562963289,0
dish_1562963325,0
dish_1562963484,0
dish_1562963517,0
dish_1562963583,1
dish_1562963612,2
dish_1562963648,0
dish_1562963676,4
dish_1562963704,0
dish_1563205877,2
dish_1563205903,2
dish_1563205927,2
dish_1563205953,1
dish_1563205982,0
dish_1563206409,4
dish_1563206601,4
dish_1563207277,2
dish_1563207332,0
dish_1563207364,4
dish_1563207389,4
dish_1563207406,4
dish_1563208094,1
dish_1563208412,1
dish_1563208439,2
dish_1563208459,2
dish_1563216412,2
dish_1563216440,0
dish_1563216625,1
dish_1563216659,2
dish_1563216689,4
dish_1563216717,0
dish_1563216739,0
dish_1563217774,0
dish_1563217804,4
dish_1563217895,2
dish_1563217939,2
dish_1563217968,4
dish_1563217993,4
dish_1563218031,4
dish_1563218201,4
dish_1563218408,1
dish_1563218959,0
dish_1563218987,4
dish_1563219009,0
dish_1563219035,4
dish_1563219056,0
dish_1563220058,2
dish_1563220087,2
dish_1563220143,0
dish_1563220171,0
dish_1563220767,4
dish_1563220802,4
dish_1563220987,2
dish_1563221025,2
dish_1563221054,4
dish_1563221086,0
dish_1563221157,4
dish_1563221443,2
dish_1563221495,2
dish_1563221519,0
dish_1563221562,0
dish_1563221602,0
dish_1563221640,0
dish_1563222745,2
dish_1563222775,2
dish_1563222800,2
dish_1563222830,4
dish_1563222850,0
dish_1563294491,1
dish_1563294522,4
dish_1563294547,4
dish_1563294987,1
dish_1563295044,4
dish_1563302345,2
dish_1563302391,4
dish_1563302447,4
dish_1563303298,2
dish_1563303350,1
dish_1563303386,0
dish_1563304261,4
dish_1563304301,0
dish_1563304333,0
dish_1563304369,4
dish_1563304881,4
dish_1563304925,2
dish_1563304958,0
dish_1563305005,0
dish_1563305047,0
dish_1563305083,0
dish_1563305354,2
dish_1563305401,4
dish_1563305513,0
dish_1563305689,4
dish_1563305722,1
dish_1563305837,2
dish_1563305883,1
dish_1563305913,4
dish_1563305948,0
dish_1563305982,0
dish_1563306392,1
dish_1563307488,1
dish_1563307519,0
dish_1563307575,0
dish_1563308386,1
dish_1563308428,0
dish_1563309237,2
dish_1563309285,0
dish_1563309315,4
dish_1563309353,0
dish_1563309398,0
dish_1563378002,1
dish_1563378029,0
dish_1563378051,0
dish_1563378073,0
dish_1563378110,0
dish_1563378344,3
dish_1563378372,1
dish_1563378406,1
dish_1563378435,0
dish_1563378660,2
dish_1563378690,1
dish_1563379132,0
dish_1563379163,0
dish_1563379494,4
dish_1563381461,2
dish_1563381486,0
dish_1563381512,0
dish_1563381680,2
dish_1563381706,2
dish_1563381738,2
dish_1563381760,2
dish_1563382911,2
dish_1563382953,0
dish_1563382987,4
dish_1563389042,1
dish_1563389079,1
dish_1563389114,0
dish_1563389153,0
dish_1563389199,4
dish_1563389446,4
dish_1563389548,4
dish_1563389600,4
dish_1563389693,0
dish_1563389719,0
dish_1563389742,0
dish_1563389786,0
dish_1563391375,3
dish_1563391413,0
dish_1563391453,0
dish_1563391647,1
dish_1563391681,2
dish_1563391708,0
dish_1563391922,2
dish_1563391959,4
dish_1563391989,0
dish_1563392128,1
dish_1563393148,2
dish_1563393182,0
dish_1563393217,4
dish_1563393244,0
dish_1563393341,2
dish_1563393366,0
dish_1563393403,0
dish_1563395341,2
dish_1563395374,1
dish_1563395415,2
dish_1563395449,0
dish_1563395480,0
dish_1563395510,0
dish_1563464389,2
dish_1563464429,1
dish_1563464457,1
dish_1563464480,4
dish_1563464543,0
dish_1563464627,2
dish_1563464651,0
dish_1563464670,0
dish_1563465805,1
dish_1563468199,1
dish_1563468269,4
dish_1563468327,4
dish_1563468776,1
dish_1563475874,2
dish_1563475921,4
dish_1563475953,4
dish_1563476323,4
dish_1563476408,4
dish_1563476463,4
dish_1563476577,4
dish_1563476646,1
dish_1563477659,2
dish_1563477701,2
dish_1563478751,0
dish_1563479526,1
dish_1563479568,1
dish_1563479596,4
dish_1563479625,0
dish_1563479655,4
dish_1563480476,2
dish_1563480505,0
dish_1563480608,4
dish_1563481030,4
dish_1563550584,2
dish_1563550614,2
dish_1563550922,2
dish_1563550950,2
dish_1563550976,1
dish_1563551006,4
dish_1563551105,2
dish_1563551134,3
dish_1563551164,0
dish_1563551194,1
dish_1563551220,0
dish_1563551360,2
dish_1563551397,4
dish_1563551432,0
dish_1563552016,0
dish_1563553735,4
dish_1563553756,0
dish_1563553780,0
dish_1563555072,2
dish_1563555100,1
dish_1563555126,0
dish_1563555160,0
dish_1563555510,1
dish_1563555543,0
dish_1563555563,0
dish_1563555605,0
dish_1563563264,1
dish_1563563289,1
dish_1563563317,1
dish_1563563378,4
dish_1563563467,2
dish_1563563492,2
dish_1563563527,0
dish_1563564676,2
dish_1563564707,0
dish_1563564760,0
dish_1563564797,0
dish_1563564828,0
dish_1563565289,1
dish_1563565323,2
dish_1563565354,2
dish_1563565415,0
dish_1563565454,0
dish_1563565508,0
dish_1563565683,2
dish_1563565720,2
dish_1563565761,2
dish_1563565805,1
dish_1563566626,2
dish_1563566674,2
dish_1563566725,0
dish_1563566810,0
dish_1563566909,2
dish_1563566939,0
dish_1563566965,0
dish_1563567319,4
dish_1563567372,0
dish_1563567599,1
dish_1563567663,0
dish_1563567722,0
dish_1563567978,2
dish_1563568003,1
dish_1563568025,0
dish_1563568118,2
dish_1563568148,0
dish_1563568292,2
dish_1563568319,0
dish_1563568338,0
dish_1563568357,0
dish_1563811412,0
dish_1563811439,1
dish_1563811463,0
dish_1563811490,0
dish_1563811515,0
dish_1563811611,1
dish_1563811639,2
dish_1563811662,0
dish_1563811686,0
dish_1563812535,4
dish_1563812570,0
dish_1563812615,4
dish_1563813221,1
dish_1563813308,2
dish_1563813360,4
dish_1563813436,0
dish_1563813501,0
dish_1563813806,1
dish_1563813833,2
dish_1563820775,2
dish_1563820806,1
dish_1563820834,0
dish_1563822546,2
dish_1563822597,2
dish_1563822636,4
dish_1563822663,0
dish_1563823292,4
dish_1563823359,0
dish_1563823390,4
dish_1563823423,0
dish_1563823814,1
dish_1563823860,0
dish_1563823894,0
dish_1563824065,1
dish_1563824092,2
dish_1563824130,2
dish_1563824155,0
dish_1563824304,1
dish_1563824377,4
dish_1563824406,4
dish_1563826223,2
dish_1563826272,0
dish_1563826306,4
dish_1563827060,2
dish_1563827086,1
dish_1563827110,2
dish_1563827132,0
dish_1563827162,4
dish_1563827188,0
dish_1563827425,2
dish_1563827454,0
dish_1563827482,4
dish_1563897338,3
dish_1563897395,4
dish_1563897439,4
dish_1563897492,4
dish_1563897794,1
dish_1563897837,1
dish_1563897870,1
dish_1563897938,1
dish_1563897981,1
dish_1563898019,1
dish_1563898055,4
dish_1563898084,4
dish_1563898107,4
dish_1563898688,1
dish_1563898722,4
dish_1563898786,4
dish_1563898813,4
dish_1563898880,4
dish_1563900120,2
dish_1563900150,2
dish_1563900172,3
dish_1563908923,2
dish_1563908957,0
dish_1563908996,0
dish_1563909469,2
dish_1563909507,2
dish_1563909550,0
dish_1563909919,2
dish_1563909951,0
dish_1563909982,4
dish_1563910106,2
dish_1563910137,2
dish_1563910171,0
dish_1563910276,2
dish_1563910530,2
dish_1563910639,0
dish_1563910676,0
dish_1563910708,0
dish_1563911156,1
dish_1563911185,0
dish_1563911215,0
dish_1563911255,0
dish_1563913588,1
dish_1563913627,1
dish_1563913675,0
dish_1563913709,0
dish_1563913741,0
dish_1563984140,2
dish_1563984242,0
dish_1563984296,0
dish_1563984729,0
dish_1563984771,0
dish_1563984835,4
dish_1563986062,4
dish_1563986093,4
dish_1563996279,2
dish_1563996308,4
dish_1563996464,4
dish_1563996509,0
dish_1563996596,1
dish_1563996625,4
dish_1563996656,4
dish_1563997327,4
dish_1563997386,4
dish_1563997418,4
dish_1563998210,1
dish_1563998244,2
dish_1563998279,2
dish_1563998323,4
dish_1563998513,0
dish_1564000202,2
dish_1564000417,2
dish_1564000459,2
dish_1564000490,0
dish_1564000536,0
dish_1564073641,1
dish_1564073677,2
dish_1564073716,4
dish_1564073860,1
dish_1564082178,4
dish_1564082212,4
dish_1564082323,0
dish_1564082462,0
dish_1564083459,1
dish_1564083480,1
dish_1564083508,1
dish_1564083534,1
dish_1564086602,1
dish_1564086624,1
dish_1564086658,4
dish_1564086709,0
dish_1564086748,0
dish_1564086778,0
dish_1564159520,2
dish_1564159543,1
dish_1564159588,1
dish_1564159636,2
dish_1564160043,2
dish_1564160161,2
dish_1564168695,2
dish_1564168739,0
dish_1564169197,2
dish_1564169254,2
dish_1564169298,4
dish_1564169340,4
dish_1564169644,2
dish_1564169878,4
dish_1564169932,0
dish_1564169958,0
dish_1564170010,4
dish_1564170283,2
dish_1564170474,2
dish_1564170542,0
dish_1564170836,2
dish_1564170880,4
dish_1564170923,4
dish_1564170967,0
dish_1564171888,1
dish_1564171935,0
dish_1564171970,0
dish_1564171996,0
dish_1565023128,0
dish_1565023157,0
dish_1565023182,0
dish_1565024675,1
dish_1565024707,1
dish_1565024741,1
dish_1565030350,0
dish_1565030391,0
dish_1565031283,2
dish_1565031338,0
dish_1565031376,0
dish_1565032714,4
dish_1565032748,0
dish_1565033110,0
dish_1565033139,0
dish_1565033189,0
dish_1565033220,4
dish_1565033265,4
dish_1565034234,1
dish_1565034281,0
dish_1565034330,0
dish_1565034605,1
dish_1565034661,1
dish_1565034681,1
dish_1565035715,1
dish_1565035746,1
dish_1565035774,2
dish_1565035802,1
dish_1565035830,4
dish_1565035858,4
dish_1565036788,2
dish_1565036821,2
dish_1565036865,2
dish_1565036890,2
dish_1565036922,2
dish_1565036953,0
dish_1565107066,1
dish_1565107092,4
dish_1565107143,0
dish_1565107171,0
dish_1565109606,1
dish_1565109637,1
dish_1565109659,0
dish_1565117429,2
dish_1565117463,0
dish_1565117892,2
dish_1565117934,0
dish_1565117962,0
dish_1565117990,4
dish_1565118029,0
dish_1565118067,0
dish_1565118096,0
dish_1565118782,0
dish_1565118999,0
dish_1565119418,2
dish_1565119439,2
dish_1565119464,0
dish_1565119493,0
dish_1565119642,1
dish_1565119669,0
dish_1565119739,0
dish_1565123783,1
dish_1565123816,1
dish_1565123845,2
dish_1565123881,0
dish_1565194684,1
dish_1565194781,0
dish_1565194823,0
dish_1565194852,0
dish_1565194906,0
dish_1565195362,1
dish_1565195398,1
dish_1565195436,1
dish_1565195493,1
dish_1565203015,4
dish_1565203094,0
dish_1565204855,2
dish_1565204891,1
dish_1565204931,0
dish_1565207631,2
dish_1565207662,2
dish_1565207694,1
dish_1565207727,4
dish_1565207815,1
dish_1565207865,1
dish_1565207896,0
dish_1565208562,1
dish_1565208611,4
dish_1565208637,0
dish_1565209922,2
dish_1565209963,1
dish_1565210009,1
dish_1565210037,0
dish_1565210073,0
dish_1565369938,2
dish_1565369971,4
dish_1565370004,0
dish_1565378680,2
dish_1565378731,2
dish_1565378770,1
dish_1565379251,1
dish_1565379320,0
dish_1565379377,0
dish_1565379788,2
dish_1565379868,0
dish_1565382762,2
dish_1565382803,1
dish_1565382833,2
dish_1565382856,4
dish_1565382886,0
dish_1565382969,0
dish_1565382995,0
dish_1565383026,4
dish_1565383062,4
dish_1565383097,4
dish_1565383128,0
dish_1565383159,0
dish_1565637162,0
dish_1565637504,1
dish_1565637548,2
dish_1565637578,0
dish_1565637608,4
dish_1565638287,0
dish_1565638323,0
dish_1565638365,0
dish_1565638478,2
dish_1565638515,0
dish_1565638550,0
dish_1565638599,4
dish_1565640365,0
dish_1565640427,0
dish_1565640576,0
dish_1565640601,0
dish_1565640723,0
dish_1565640772,0
dish_1565640812,4
dish_1565640842,4
dish_1565640894,0
dish_1565640914,0
dish_1565641844,2
dish_1565641885,1
dish_1565641915,4
dish_1565641943,0
dish_1565711083,1
dish_1565711115,0
dish_1565711154,0
dish_1565711183,0
dish_1565711326,0
dish_1565711358,0
dish_1565711453,2
dish_1565711498,2
dish_1565711527,0
dish_1565711570,0
dish_1565721800,2
dish_1565721828,2
dish_1565721855,0
dish_1565724050,1
dish_1565724087,0
dish_1565724196,1
dish_1565724235,0
dish_1565724269,0
dish_1565724509,2
dish_1565724588,0
dish_1565724620,4
dish_1565725123,0
dish_1565725156,1
dish_1565725188,4
dish_1565725244,4
dish_1565726812,1
dish_1565726848,0
dish_1565726887,0
dish_1565726915,4
dish_1565726949,4
dish_1565727765,0
dish_1565727821,0
dish_1565727851,4
dish_1565727875,4
dish_1565727921,0
dish_1565728388,2
dish_1565728415,1
dish_1565728453,2
dish_1565728494,1
dish_1565728562,2
dish_1565728591,2
dish_1565728634,4
dish_1565728684,0
dish_1565797671,2
dish_1565797699,4
dish_1565797723,4
dish_1565798531,1
dish_1565798591,4
dish_1565798617,4
dish_1565799507,1
dish_1565799565,0
dish_1565799597,4
dish_1565799663,4
dish_1565808975,1
dish_1565809033,0
dish_1565809080,4
dish_1565809120,4
dish_1565810146,0
dish_1565810237,4
dish_1565810969,0
dish_1565811000,4
dish_1565811025,4
dish_1565811061,0
dish_1565811091,4
dish_1565811287,2
dish_1565811335,4
dish_1565811390,4
dish_1565884692,1
dish_1565884766,4
dish_1565884833,4
dish_1565894858,1
dish_1565894910,4
dish_1565895808,4
dish_1565895879,4
dish_1565895966,4
dish_1565896039,0
dish_1565896662,2
dish_1565896701,2
dish_1565896745,4
dish_1565897569,2
dish_1565897617,0
dish_1565897680,4
dish_1565898128,1
dish_1565898158,0
dish_1565898230,0
dish_1565898331,1
dish_1565898361,2
dish_1565898544,1
dish_1565898590,4
dish_1565898659,4
dish_1565898723,4
dish_1565898758,0
dish_1565972429,4
dish_1565972591,1
dish_1565972628,1
dish_1565972674,0
dish_1565972715,4
dish_1565974409,2
dish_1565981802,1
dish_1565981848,2
dish_1565981898,4
dish_1565984299,1
dish_1565984345,1
dish_1565986702,1
dish_1565986733,1
dish_1565986761,1
dish_1565987054,4
dish_1565987081,0
dish_1565987116,4
dish_1565987142,4
dish_1565987269,1
dish_1565987298,2
dish_1566230222,4
dish_1566230258,0
dish_1566230300,4
dish_1566230377,0
dish_1566242164,0
dish_1566242195,4
dish_1566242234,4
dish_1566242273,4
dish_1566242298,4
dish_1566244815,1
dish_1566244863,2
dish_1566244904,4
dish_1566244964,4
dish_1566245365,1
dish_1566245437,4
dish_1566246415,4
dish_1566246478,4
dish_1566246513,4
dish_1566246541,4
dish_1566246573,4
dish_1566246626,4
dish_1566246902,2
dish_1566246946,2
dish_1566246972,2
dish_1566247003,4
dish_1566316496,4
dish_1566316525,4
dish_1566316558,4
dish_1566316612,4
dish_1566316681,3
dish_1566316757,4
dish_1566317801,2
dish_1566328724,1
dish_1566328745,2
dish_1566328776,4
dish_1566328805,4
dish_1566328831,4
dish_1566328894,1
dish_1566328929,2
dish_1566328961,2
dish_1566328988,4
dish_1566329021,4
dish_1566329049,4
dish_1566329234,4
dish_1566329257,0
dish_1566330399,1
dish_1566330428,2
dish_1566330466,0
dish_1566331801,1
dish_1566331828,4
dish_1566331868,4
dish_1566331914,4
dish_1566332040,4
dish_1566332085,4
dish_1566332116,4
dish_1566332154,4
dish_1566332193,4
dish_1566332268,4
dish_1566333118,2
dish_1566333167,1
dish_1566333194,4
dish_1566333228,4
dish_1566333255,4
dish_1566333291,4
dish_1566333324,4
dish_1566413321,0
dish_1566413356,0
dish_1566413388,0
dish_1566413445,0
dish_1566413469,0
dish_1566413510,0
dish_1566414225,2
dish_1566414291,0
dish_1566414342,0
dish_1566414412,0
dish_1566414611,2
dish_1566414642,2
dish_1566414686,0
dish_1566414723,0
dish_1566414754,4
dish_1566414780,0
dish_1566414862,2
dish_1566414891,0
dish_1566414924,0
dish_1566415520,0
dish_1566415558,0
dish_1566415591,0
dish_1566416299,1
dish_1566416339,1
dish_1566416388,0
dish_1566416421,0
dish_1566416455,0
dish_1566417442,0
dish_1566417475,4
dish_1566417516,0
dish_1566419510,2
dish_1566419546,0
dish_1566419577,0
dish_1566419603,0
dish_1566419635,0
dish_1566499633,0
dish_1566499686,0
dish_1566500963,0
dish_1566500988,0
dish_1566501041,0
dish_1566501067,0
dish_1566501126,4
dish_1566501153,0
dish_1566501258,1
dish_1566501382,0
dish_1566501447,4
dish_1566501473,0
dish_1566501575,0
dish_1566501594,0
dish_1566502000,0
dish_1566502033,0
dish_1566502061,0
dish_1566502211,0
dish_1566502271,0
dish_1566502315,0
dish_1566502437,2
dish_1566502505,0
dish_1566502537,0
dish_1566502573,0
dish_1566587143,2
dish_1566587182,0
dish_1566587689,0
dish_1566587714,0
dish_1566587958,2
dish_1566588016,0
dish_1566588066,1
dish_1566589933,2
dish_1566589967,0
dish_1566590007,0
dish_1566590056,0
dish_1566590566,2
dish_1566590946,4
dish_1566590987,0
dish_1566591022,0
dish_1566591048,0
dish_1566591080,0
dish_1566592456,3
dish_1566835603,2
dish_1566835641,1
dish_1566835701,0
dish_1566838378,4
dish_1566838407,4
dish_1566844766,0
dish_1566844803,4
dish_1566844850,4
dish_1566846997,2
dish_1566847043,0
dish_1566847431,2
dish_1566847454,4
dish_1566847483,4
dish_1566849208,0
dish_1566849233,4
dish_1566849269,4
dish_1566849295,0
dish_1566849923,2
dish_1566849955,4
dish_1566849987,4
dish_1566850031,4
dish_1566850099,2
dish_1566850142,0
dish_1566851115,0
dish_1566851155,0
dish_1566851198,0
dish_1566851222,4
dish_1566851549,1
dish_1566851584,2
dish_1566851616,0
dish_1566851677,0
dish_1566851704,4
dish_1566920304,2
dish_1566920365,0
dish_1566922978,2
dish_1566923004,1
dish_1566923030,5
dish_1566931116,2
dish_1566931140,2
dish_1566931179,0
dish_1566931217,0
dish_1566931482,0
dish_1566931519,0
dish_1566931548,1
dish_1566931586,0
dish_1566931620,0
dish_1566931650,0
dish_1566931674,0
dish_1566933180,1
dish_1566933226,2
dish_1566933401,1
dish_1566933454,4
dish_1566933498,0
dish_1566934057,2
dish_1566934085,1
dish_1566934120,0
dish_1566934152,4
dish_1566934366,2
dish_1566934401,0
dish_1566934430,0
dish_1566934455,0
dish_1566934487,4
dish_1566936266,2
dish_1566936297,2
dish_1566936323,0
dish_1566936352,0
dish_1566937992,2
dish_1566938026,2
dish_1566938059,1
dish_1566938088,0
dish_1567007814,1
dish_1567019993,1
dish_1567020054,2
dish_1567020091,0
dish_1567020340,0
dish_1567020366,0
dish_1567020394,0
dish_1567020417,0
dish_1567021799,4
dish_1567021831,1
dish_1567022180,1
dish_1567022212,1
dish_1567022296,0
dish_1567022383,0
dish_1567023132,1
dish_1567023161,2
dish_1567023184,0
dish_1567023262,1
dish_1567023296,2
dish_1567023335,0
dish_1567023375,0
dish_1567024066,2
dish_1567024112,2
dish_1567024135,2
dish_1567024187,0
dish_1567024224,0
dish_1567024252,4
dish_1567106646,0
dish_1567106668,0
dish_1567106794,0
dish_1567106825,0
dish_1567106870,0
dish_1567107049,1
dish_1567110631,4
dish_1567110665,0
dish_1567110756,2
dish_1567110783,2
dish_1567110811,0
dish_1567110848,0
dish_1567525637,1
dish_1567525681,0
dish_1567525712,0
dish_1567525744,0
dish_1567526738,0
dish_1567526785,0
dish_1567526814,0
dish_1567526845,0
dish_1567526888,0
dish_1567537185,2
dish_1567537212,4
dish_1567537252,1
dish_1567537280,0
dish_1567537352,0
dish_1567537387,0
dish_1567537422,4
dish_1567537457,0
dish_1567538263,2
dish_1567538303,0
dish_1567542813,2
dish_1567542843,2
dish_1567542876,2
dish_1567542914,0
dish_1567542953,0
dish_1567542986,0
dish_1567612954,3
dish_1567613019,0
dish_1567613057,0
dish_1567625294,2
dish_1567625343,2
dish_1567625392,0
dish_1567625434,0
dish_1567628069,2
dish_1567628099,2
dish_1567628157,0
dish_1567628193,0
dish_1567629081,2
dish_1567629106,2
dish_1567629129,0
dish_1567711272,2
dish_1567711356,2
dish_1567711402,0
dish_1567714745,0
dish_1567714780,0
dish_1567714813,0
dish_1567714839,1
dish_1567714875,0
dish_1567714934,0
dish_1567789154,1
dish_1567789190,0
dish_1567789230,0
dish_1567789256,0
dish_1567798511,2
dish_1567801468,0
dish_1567801716,2
dish_1567801748,2
dish_1567801791,2
dish_1567801830,0
dish_1568044496,1
dish_1568044528,1
dish_1568044581,0
dish_1568044634,0
dish_1568047932,1
dish_1568047973,0
dish_1568048018,0
dish_1568056019,4
dish_1568056046,1
dish_1568056217,0
dish_1568056258,4
dish_1568060414,3
dish_1568060461,1
dish_1568060501,0
dish_1568060542,0
dish_1568060616,0
dish_1568060646,4
dish_1568060697,4
dish_1568060722,0
dish_1568060746,0
dish_1568061097,2
dish_1568061145,2
dish_1568061174,1
dish_1568061202,0
dish_1568061234,0
dish_1568061272,0
dish_1568061320,0
dish_1568132484,1
dish_1568132521,2
dish_1568132561,2
dish_1568132601,4
dish_1568141871,2
dish_1568141915,2
dish_1568141951,4
dish_1568143252,1
dish_1568143288,0
dish_1568143326,0
dish_1568143362,0
dish_1568143527,1
dish_1568143572,4
dish_1568143612,0
dish_1568144612,1
dish_1568144643,0
dish_1568144688,4
dish_1568144774,1
dish_1568144803,2
dish_1568144855,1
dish_1568144925,4
dish_1568144954,4
dish_1568145027,2
dish_1568145059,1
dish_1568145100,4
dish_1568145136,0
dish_1568145177,0
dish_1568146905,4
dish_1568146942,0
dish_1568146977,0
dish_1568147009,0
dish_1568147044,4
dish_1568217267,1
dish_1568217325,1
dish_1568217372,0
dish_1568217417,4
dish_1568217465,4
dish_1568229399,4
dish_1568229442,0
dish_1568233444,0
dish_1568233478,4
dish_1568233509,0
dish_1568305198,1
dish_1568305225,0
dish_1568305257,0
dish_1568313487,4
dish_1568313527,4
dish_1568314823,1
dish_1568314857,2
dish_1568314907,4
dish_1568314951,4
dish_1568315001,4
dish_1568315040,4
dish_1568315088,4
dish_1568315132,4
dish_1568315177,4
dish_1568315988,1
dish_1568316041,0
dish_1568316085,0
dish_1568318286,0
dish_1568318316,0
dish_1568318361,0
dish_1568318408,0
dish_1568318480,0
dish_1568319725,0
dish_1568319769,0
dish_1568319838,0
dish_1568319899,0
dish_1568320296,2
dish_1568320338,0
dish_1568320383,0
dish_1568320427,0
dish_1568320470,0
dish_1568400935,0
dish_1568400967,0
dish_1568401018,0
dish_1568401064,4
dish_1568401090,4
dish_1568401167,4
dish_1568401199,0
dish_1568401233,4
dish_1568401261,0
dish_1568401302,0
dish_1568404850,4
dish_1568404889,2
dish_1568405183,2
dish_1568405214,0
dish_1568405273,0
dish_1568405306,0
dish_1568405405,1
dish_1568405430,4
dish_1568405466,4
dish_1568405499,0
dish_1568660810,2
dish_1568664931,0
dish_1568664972,5
dish_1568665052,0
dish_1568665935,2
dish_1568665970,4
dish_1568666000,4
dish_1568666032,4
dish_1568666061,4
dish_1568666089,4
dish_1568666184,0
dish_1568666230,4
dish_1568666303,0
dish_1568666357,0
dish_1571931623,1
dish_1571931678,1
dish_1571931809,1
dish_1571932398,1
dish_1571944487,2
dish_1571944507,1
dish_1571944531,1
dish_1571944648,1
dish_1572029300,1
dish_1572031211,1
dish_1572031254,1
dish_1572032356,1
dish_1572035359,1
dish_1572376778,1
dish_1572376802,1
dish_1572464354,1
dish_1572464738,1
dish_1572540208,1
dish_1572548822,1
dish_1572548878,1
dish_1572625898,4
dish_1572627130,1
dish_1572984755,4
dish_1572988741,1
dish_1572988785,1
dish_1573072410,1
dish_1573073741,4
dish_1573159511,1
dish_1573159903,1
dish_1573234760,1
dish_1573491352,2
dish_1573579470,1
dish_1573579635,1
dish_1573665025,1
dish_1573665056,1
dish_1573666680,1
dish_1573679123,1
dish_1573762582,1
dish_1573851615,4
dish_1574109245,1
dish_1574193218,1
dish_1574197731,1
dish_1574280343,1
dish_1574280383,1
dish_1574359160,1
dish_1574455517,1
dish_1574702427,1
dish_1574711451,1
dish_1574711517,1
dish_1574728191,1
dish_1575997268,2
dish_1575999037,1
dish_1576258685,4
